丂,Null
丄,Null
丒,Null
丱,Null
丣,Null
並,Null
丆,Null
丠,Null
丩,Null
丷,Null
両,Null
丗,Null
丳,Null
丯,Null
丮,Null
丵,Null
丅,Null
丟,Null
丏,mmav
丏,mmav
乊,Null
乣,Null
乁,Null
乚,Null
乕,Null
乀,Null
乫,Null
乢,Null
乪,Null
乨,Null
乑,Null
乆,Null
乧,Null
乤,Null
乥,Null
乛,Null
乂,yipn
乗,Null
乄,Null
丼,jkjd
乬,Null
乽,Null
乶,Null
乯,Null
亀,Null
乭,Null
亁,Null
乷,Null
乮,Null
乵,Null
乼,Null
乴,Null
乲,Null
乹,Null
乿,Null
亂,Null
乺,Null
亃,Null
乸,naym
乻,Null
亞,Null
亅,Null
亰,Null
亐,Null
亪,Null
亙,Null
亣,Null
亇,Null
亝,Null
亴,Null
亱,Null
亊,Null
亷,Null
亜,Null
亗,Null
亯,Null
亄,Null
亖,siee
亶,djwa
亸,dowl
仩,Null
仈,Null
亽,Null
仐,Null
亾,Null
仚,Null
仧,Null
亼,Null
仜,Null
仭,Null
仏,Null
仛,Null
仒,Null
仦,Null
仯,Null
仠,Null
亹,mfwq
仮,Null
仢,Null
仌,bkrr
仸,Null
仾,Null
伂,Null
仹,Null
伃,Null
仴,Null
伌,Null
伄,Null
伓,Null
伔,Null
仺,Null
仼,Null
伀,Null
伅,Null
仱,Null
伒,Null
伈,xbrx
伆,Null
伋,jirj
伇,Null
伨,Null
伿,Null
伩,Null
伮,Null
伬,Null
伡,Null
伵,Null
伱,Null
伹,Null
伕,Null
伳,Null
伷,Null
佀,Null
伜,Null
伾,pirp
伖,Null
伝,Null
伭,xrry
伻,Null
伣,qmre
佁,iirk
佔,Null
佡,Null
佦,Null
佭,Null
佌,Null
佒,Null
佂,Null
佫,Null
佊,Null
佨,Null
佅,Null
佉,Null
佋,Null
佈,Null
佪,Null
佄,Null
佇,Null
佖,birb
佢,qurj
佮,Null
侇,Null
侅,Null
侊,Null
併,Null
侒,Null
佲,Null
佱,Null
來,Null
侎,Null
佷,Null
侐,Null
侌,Null
侓,Null
侀,Null
佹,Null
佽,cirr
侂,torq
佺,qrrw
侁,ufre
佸,hork
侫,Null
侷,Null
侰,Null
価,Null
侙,Null
侞,Null
侚,Null
侢,Null
侲,Null
侱,Null
侜,Null
侳,Null
侖,Null
侶,Null
侤,Null
侕,Null
侭,Null
侴,hcrd
侟,Null
侘,iarq
俈,Null
俋,Null
侽,Null
俒,Null
俀,Null
俌,Null
侺,Null
俉,Null
侸,Null
侾,Null
俇,Null
俆,Null
俁,Null
侻,Null
俓,Null
俔,Null
俍,llrl
侼,Null
係,xirx
侹,tkrz
俲,Null
俷,Null
俬,Null
俴,Null
俢,Null
俕,Null
俠,Null
俻,Null
俖,Null
俼,Null
俥,Null
俛,Null
俧,Null
俹,Null
俰,Null
俤,dirp
俶,iury
俫,ldrl
俵,bnry
俙,xirj
倀,Null
倂,Null
倇,Null
倐,Null
倆,Null
倎,Null
倄,Null
倉,Null
倊,Null
倁,Null
倈,Null
俽,Null
們,Null
倃,Null
個,Null
俿,Null
倅,Null
倖,Null
倓,tjrh
倕,ivri
倲,Null
倗,Null
倷,Null
倳,Null
倢,Null
倧,zsrx
倛,Null
倞,jkrx
倱,Null
倯,Null
倝,Null
倫,Null
値,Null
倠,Null
倰,Null
倶,Null
倣,Null
倸,Null
倴,bfrc
倵,Null
倹,Null
偀,Null
倿,Null
偉,Null
偊,Null
偋,Null
偖,Null
偐,Null
偒,Null
偑,Null
倽,Null
偔,Null
偍,Null
偆,Null
偅,Null
偄,Null
偂,Null
倻,yere
偓,wort
偁,igrr
偛,Null
偣,Null
偫,Null
偢,Null
偮,Null
偟,Null
偝,Null
偤,Null
偞,Null
偧,Null
偠,Null
偨,Null
偦,Null
偘,Null
偗,Null
偩,Null
偙,Null
偪,Null
偡,vjrv
偭,mmrm
偸,Null
傂,Null
偼,Null
傁,Null
偯,Null
偳,Null
傇,Null
偽,Null
傄,Null
偵,Null
傊,Null
傆,Null
偺,Null
偹,Null
偱,Null
偰,xprd
傃,surx
傉,nurc
偲,sirx
側,Null
傎,Null
備,Null
傋,Null
傟,Null
傛,Null
傔,Null
傖,Null
傝,Null
傑,Null
傏,Null
傚,Null
傗,Null
傘,Null
傓,Null
傞,Null
傐,Null
傌,Null
傜,Null
傕,jtrf
傒,xird
傴,Null
傤,Null
傭,Null
傱,Null
傦,Null
傠,Null
傼,Null
傶,Null
傯,Null
傹,Null
傮,Null
債,Null
傢,Null
傳,Null
傪,Null
傡,Null
傷,Null
傫,Null
傸,Null
傰,Null
僊,Null
僀,Null
傽,Null
僌,Null
僑,Null
僈,Null
僆,Null
僐,Null
僃,Null
僉,Null
僋,Null
僅,Null
働,Null
僂,Null
傾,Null
僄,Null
僁,Null
傿,Null
僇,lurp
僎,vrrb
僛,Null
僙,Null
僡,Null
僤,Null
僣,Null
僢,Null
僩,Null
僘,Null
僜,Null
僒,Null
僠,Null
僞,Null
僝,Null
僗,Null
僓,Null
僥,Null
僔,zyrc
僕,Null
僟,Null
僨,Null
僸,Null
僶,Null
僴,Null
儂,Null
儁,Null
僽,Null
僯,Null
僺,Null
儃,Null
僾,Null
僼,Null
僪,Null
僫,Null
僿,Null
儀,Null
僲,Null
價,Null
僷,Null
僰,boar
僱,Null
儚,Null
儎,Null
儊,Null
儍,Null
儐,Null
儏,Null
儖,Null
儌,Null
儓,Null
儛,Null
儉,Null
儕,Null
儑,Null
億,Null
儗,Null
儙,Null
儔,Null
儘,Null
儈,Null
儅,Null
儢,Null
儥,Null
償,Null
儤,Null
儠,Null
儨,Null
儜,Null
儧,Null
儰,Null
儮,Null
儣,Null
儞,Null
儫,Null
儯,Null
儝,Null
儩,Null
優,Null
儬,Null
儦,bnrh
儭,Null
兂,Null
儾,Null
兎,Null
儲,Null
兊,Null
兏,Null
儷,Null
儵,Null
儺,Null
儸,Null
儽,Null
儻,Null
儼,Null
儹,Null
儱,Null
儶,Null
儴,rhry
兌,Null
兇,Null
儳,ijrd
兯,Null
兣,Null
兡,Null
兩,Null
児,Null
兟,Null
兝,Null
兗,Null
兒,Null
兙,Null
兤,Null
兞,Null
兠,Null
兦,Null
兲,tmwb
兪,Null
兛,Null
兓,Null
內,Null
兘,Null
冟,Null
冋,Null
兿,Null
冐,Null
冃,Null
兾,Null
兺,Null
冑,Null
冝,Null
冓,Null
冎,Null
冄,Null
冘,Null
冏,jskk
円,yrka
冊,Null
冞,Null
冇,mcuk
冔,xuky
冚,kjbe
冪,Null
凁,Null
冣,Null
冸,Null
冡,Null
冦,Null
冾,Null
冴,Null
凃,Null
冩,Null
冭,Null
凅,Null
凈,Null
冹,Null
冿,Null
凂,Null
冺,Null
冨,Null
冧,lbbm
冮,ghdg
処,Null
凗,Null
凖,Null
凊,Null
凙,Null
凎,Null
凞,Null
凟,Null
凢,Null
凣,Null
凍,Null
凒,Null
凚,Null
凥,Null
凜,Null
凔,Null
凐,Null
凕,Null
凘,sidj
凓,lidm
刅,Null
凷,Null
凴,Null
刐,Null
刋,Null
刔,Null
刏,Null
凾,Null
凮,Null
凩,Null
刄,Null
刉,Null
刓,Null
刌,Null
凲,Null
凱,Null
凧,Null
凪,vijv
凨,fgjs
凬,fgjo
刴,Null
刱,Null
剄,Null
刯,Null
刣,Null
刼,Null
別,Null
刧,Null
刲,Null
刾,Null
刢,Null
刜,Null
刟,Null
刞,Null
刦,Null
刵,Null
刪,Null
刡,Null
刬,ijjd
刕,Null
剉,Null
剓,Null
剎,Null
剙,Null
剒,Null
剛,Null
剘,Null
剗,Null
剢,Null
剚,Null
剝,Null
剈,Null
剠,Null
剆,Null
剏,Null
剋,kwud
剅,lzad
則,Null
剟,doyd
剕,fwfd
剻,Null
剼,Null
剱,Null
剸,Null
剮,Null
剷,Null
剬,Null
創,Null
剫,Null
剨,Null
剳,Null
剰,Null
剣,Null
剤,Null
剦,Null
剴,Null
剶,Null
剭,Null
剹,Null
剺,Null
劋,Null
劍,Null
劑,Null
劖,Null
剾,Null
劇,Null
劉,Null
劃,Null
劒,Null
劊,Null
劗,Null
劎,Null
劆,Null
劅,Null
劔,Null
劀,Null
劏,thxd
劌,Null
劄,vavd
劕,Null
劜,Null
劸,Null
劧,Null
劵,Null
劦,Null
劺,Null
劮,Null
効,Null
労,Null
劙,Null
劘,Null
劰,Null
劶,Null
劼,jpul
劤,Null
劻,Null
劥,Null
劷,Null
劚,Null
劯,Null
勑,Null
勈,Null
勄,Null
勌,Null
勅,Null
勀,Null
勆,Null
勓,Null
勊,Null
劽,Null
勏,Null
動,Null
務,Null
勂,Null
勔,mmml
勗,Null
勁,Null
勎,Null
勍,qkwl
勚,yiul
勨,Null
勝,Null
勯,Null
勢,Null
勭,Null
勣,Null
勫,Null
勮,Null
勛,Null
勜,Null
勱,Null
勧,Null
勪,Null
勡,Null
勬,Null
勩,Null
勞,Null
勦,Null
勥,Null
勠,luxl
匎,Null
匌,Null
勵,Null
勻,Null
匄,Null
勴,Null
勲,Null
勶,Null
勷,Null
匇,Null
匊,Null
勽,Null
匁,Null
匉,Null
匋,Null
勼,Null
匃,Null
匂,Null
勸,Null
勳,Null
匬,Null
匞,Null
匢,Null
匰,Null
匛,Null
匤,Null
匯,Null
匘,Null
匑,Null
匓,Null
匥,Null
匒,Null
匟,Null
匩,Null
匔,Null
匭,Null
匜,yiky
匨,Null
匧,Null
匫,Null
匳,Null
協,Null
匷,Null
區,Null
卂,Null
卄,Null
匱,Null
卍,Null
卐,Null
匽,Null
匵,Null
匲,Null
単,Null
匴,Null
卋,Null
卆,Null
匶,Null
匸,Null
匼,kekk
卌,xial
卝,Null
厃,Null
卹,Null
卾,Null
卼,Null
卶,Null
卭,Null
卲,Null
卥,Null
卨,Null
卻,Null
卙,Null
卛,Null
厁,Null
厇,Null
卽,Null
卪,Null
厀,Null
卬,ahpe
厈,Null
厊,Null
厎,Null
厐,Null
厠,Null
厫,Null
厧,Null
厏,Null
厡,Null
厞,Null
厛,Null
厜,Null
厑,Null
厙,Null
厗,Null
厪,Null
厒,Null
厖,mhid
厔,Null
厓,Null
厤,Null
厳,Null
厱,Null
厺,Null
叀,Null
厼,Null
厸,Null
叅,Null
厴,Null
厵,Null
叄,Null
厽,Null
厬,Null
參,Null
厭,Null
厯,Null
厹,Null
厲,Null
厷,Null
厰,Null
厾,duvs
吀,Null
叏,Null
叓,Null
叡,Null
叝,Null
叿,Null
叞,Null
叴,Null
叢,Null
叧,Null
収,Null
叜,Null
叆,aiey
叐,Null
叺,Null
叇,ddez
叾,Null
叚,xxvy
叒,royy
叕,voyy
吳,Null
吙,Null
吿,Null
吘,Null
吰,Null
吪,Null
吥,Null
吺,Null
吂,Null
吜,Null
吋,Null
吇,Null
吚,Null
吷,Null
吤,Null
吢,Null
吅,Null
吽,hskn
吶,Null
吔,yeky
呁,Null
呍,Null
呧,Null
呝,Null
呎,Null
呑,Null
呞,Null
呂,Null
呟,Null
呏,Null
呄,Null
呥,Null
呌,Null
呉,Null
呚,Null
呅,Null
呡,Null
呠,Null
呇,qiuk
呣,mzkm
咅,Null
呪,Null
咃,Null
呫,Null
呾,Null
呰,Null
呿,Null
咈,Null
呭,Null
呺,Null
呬,Null
呹,Null
呩,Null
呴,Null
咉,yhky
咊,Null
咁,gjkg
呯,pkkp
呮,Null
咇,bikb
咞,Null
咟,Null
咘,Null
咰,Null
咹,Null
咮,Null
咜,Null
咵,Null
咢,Null
咶,Null
咠,Null
咷,Null
咓,Null
咑,Null
咥,xikt
咗,zokg
咺,xrka
咡,erke
咍,hdkk
咲,xnkt
哤,Null
哰,Null
哅,Null
哫,Null
哖,Null
哘,Null
哬,Null
哊,Null
哣,Null
哛,Null
哯,Null
哴,Null
員,Null
咾,Null
哢,lskc
哃,tskk
哋,diky
哠,Null
咼,Null
哱,bokz
唊,Null
唌,Null
唀,Null
唄,Null
唍,Null
唅,Null
哸,Null
哶,Null
哻,Null
唋,Null
哵,Null
唂,Null
哹,Null
唃,Null
哾,Null
唓,ieki
唎,Null
唈,Null
唒,Null
哷,Null
唖,Null
唲,Null
唴,Null
唭,Null
唚,Null
唫,Null
唨,Null
唥,Null
唦,Null
唩,Null
唡,Null
唜,Null
唗,Null
唙,Null
唘,Null
唞,dzku
唕,Null
唝,gskr
唟,Null
唵,ankd
啈,Null
啔,Null
啅,Null
啀,Null
啍,Null
唺,Null
啓,Null
唹,Null
啇,Null
啑,Null
啒,Null
啌,Null
啂,Null
唶,Null
問,Null
啋,Null
啎,Null
唻,Null
唸,nmkx
唽,Null
啳,Null
啛,Null
啟,Null
啠,Null
啚,Null
啯,Null
啢,Null
啨,Null
啝,Null
啙,Null
啗,Null
啞,Null
啱,Null
啣,Null
啘,Null
啲,diku
啰,lokx
啩,gxkb
啫,veko
啴,tjkl
喗,Null
喡,Null
喞,Null
啺,Null
喅,Null
喛,Null
啹,Null
喠,Null
喍,Null
啿,Null
喖,Null
喌,Null
啽,Null
喕,Null
喎,Null
喒,Null
喐,Null
喓,Null
喚,Null
喆,veuk
喲,Null
喬,Null
喦,Null
喼,Null
営,Null
喣,Null
喭,Null
喴,Null
喩,Null
喢,Null
喨,Null
單,Null
喸,Null
喪,Null
喯,Null
喰,cjkl
喤,hlkw
喫,Null
喺,xikx
喥,doky
嗛,Null
嗊,Null
嗁,Null
嗘,Null
嗆,Null
嗏,Null
嗂,Null
嗃,Null
嗎,Null
嗋,Null
喿,Null
嗀,Null
嗇,Null
嗗,Null
嗙,Null
嗐,hdkk
嗚,Null
嗕,Null
嗈,Null
嗞,ziky
嘂,Null
嗹,Null
嗰,Null
嗠,Null
嗿,Null
嗶,Null
嗭,Null
嘄,Null
嗺,Null
嗢,Null
嘃,Null
嗸,Null
嗴,Null
嗼,Null
嗮,sdkx
嘅,gekv
嗩,Null
嗧,Null
嗻,vekh
嗱,naku
嘇,Null
嘖,Null
嘝,Null
嘕,Null
嘠,Null
嘔,Null
嘜,Null
嘊,Null
嘋,Null
嘙,Null
嘍,Null
嘓,Null
嘗,Null
嘆,Null
嘒,Null
嘐,Null
嘡,thkt
嘑,Null
嘚,dekc
嘢,yekl
嘷,Null
嘮,Null
嘽,Null
嘯,Null
噁,Null
嘸,Null
嘾,Null
嘳,Null
嘰,Null
嘪,Null
嘦,Null
嘨,Null
嘫,Null
嘺,Null
嘼,Null
嘩,Null
嘵,Null
嘥,sdkr
噀,xykb
噂,zykc
噄,Null
噓,Null
噑,Null
噝,Null
噞,Null
噛,Null
噏,Null
噐,Null
噚,Null
噒,Null
噕,Null
噊,Null
噉,Null
噋,Null
噆,Null
噅,Null
噈,Null
噖,Null
噃,bokt
噇,ilkl
噽,Null
噷,Null
噺,Null
噡,Null
噸,Null
噰,Null
噲,Null
噮,Null
噳,Null
噹,Null
噟,Null
噵,Null
噦,Null
噣,Null
噯,Null
噥,Null
噭,Null
噠,Null
噧,Null
噴,Null
嚒,Null
嚍,Null
嚇,Null
嚖,Null
嚀,Null
嚑,Null
嚃,Null
噾,Null
嚈,Null
嚔,Null
嚂,Null
嚌,Null
嚁,Null
噿,Null
嚕,Null
嚐,Null
嚋,Null
嚉,Null
嚄,hoky
嚊,Null
嚢,Null
嚨,Null
嚙,Null
嚛,Null
嚪,Null
嚤,Null
嚞,Null
嚦,Null
嚩,Null
嚫,Null
嚥,Null
嚘,Null
嚝,Null
嚠,Null
嚧,Null
嚗,Null
嚜,Null
嚚,ybkk
嚟,liku
嚡,hdkt
嚰,Null
嚳,Null
嚸,Null
嚾,Null
嚵,Null
囀,Null
嚶,Null
嚴,Null
嚽,Null
嚮,Null
嚿,Null
囁,Null
嚻,Null
嚲,Null
嚺,Null
囂,Null
嚬,Null
嚱,xikg
嚭,piuk
嚹,Null
囉,Null
囇,Null
囄,Null
囈,Null
囏,Null
囐,Null
囋,Null
囑,Null
囒,Null
囎,Null
囘,Null
囃,Null
囍,Null
囙,Null
囕,Null
囆,Null
囖,Null
囌,Null
囓,Null
囅,Null
囶,Null
囯,Null
囬,Null
囮,Null
囜,Null
囼,Null
囻,Null
囲,Null
圁,Null
囨,Null
囩,Null
圀,Null
囥,Null
囪,Null
囦,Null
図,Null
団,Null
囷,qykh
囧,jskv
囸,Null
國,Null
圏,Null
圑,Null
圓,Null
圂,Null
團,Null
圛,Null
圍,Null
圖,Null
圅,Null
圗,Null
園,Null
圎,Null
圚,Null
圔,Null
圕,Null
圇,Null
圙,ltkm
圌,irke
圐,kukf
圝,Null
圡,Null
圵,Null
圶,Null
圴,Null
圼,Null
圸,Null
圷,Null
圤,Null
圽,Null
圿,Null
圞,Null
圱,Null
圦,Null
圠,Null
圥,Null
圧,Null
圫,totq
圲,qmtq
圢,tktd
坁,Null
坣,Null
坅,Null
坄,Null
坘,Null
坈,Null
坓,Null
坧,Null
坙,Null
坢,Null
坆,Null
坕,Null
坔,Null
坖,Null
坃,Null
坬,watg
坋,fftd
坉,tytt
坥,qutq
坒,bibt
坮,Null
坲,Null
坿,Null
坾,Null
坸,Null
坱,Null
垁,Null
垉,Null
坹,Null
垀,Null
坵,Null
垊,Null
坺,Null
垇,aota
垍,jitz
垏,lvty
坴,Null
坰,jstk
坽,lkts
垎,hetk
垈,ddrt
垗,Null
垘,Null
垪,Null
垬,Null
垑,Null
垥,Null
垝,Null
垨,Null
垖,Null
垰,Null
垔,Null
垜,Null
垐,Null
垯,datz
垕,hzpt
垱,dhte
垞,iatq
垚,yctt
垙,gltw
垟,yhty
垷,Null
埉,Null
垹,Null
垻,Null
埁,Null
埄,Null
垶,Null
垽,Null
埊,Null
埅,Null
埈,Null
垼,Null
埀,Null
垳,Null
垺,futz
垿,xutl
垾,hjtg
垵,antn
埆,qtty
埇,ysty
埢,Null
埓,Null
埨,Null
埩,Null
埛,Null
埖,Null
埦,Null
埞,Null
埑,Null
埣,Null
埥,Null
埧,Null
埡,Null
埍,Null
埐,Null
埪,kstg
埗,butp
埌,lhtl
埜,yemt
埫,thtk
埿,Null
堁,Null
埾,Null
埬,Null
堊,Null
埻,Null
堈,Null
埶,Null
堄,Null
埱,Null
埲,Null
執,Null
埳,Null
埮,Null
埰,Null
堃,kyft
堅,Null
堉,yuto
埵,doti
埼,qitk
堔,Null
堟,Null
堣,Null
堥,Null
堢,Null
堘,Null
堒,Null
堚,Null
堏,Null
堦,Null
堗,Null
堓,Null
堝,Null
堖,Null
堎,lgtw
堛,Null
堜,Null
堌,gutk
堧,rrtd
堐,yatt
堮,Null
堺,Null
堹,Null
堯,Null
堫,Null
堩,Null
堳,Null
堷,Null
場,Null
堬,Null
堸,Null
報,Null
堻,Null
堶,Null
堭,Null
堾,irto
堲,jigt
堽,ghtv
堨,eetv
堼,fgtt
塀,Null
塒,Null
塋,Null
塈,Null
塂,Null
塁,Null
塏,Null
塕,Null
塐,Null
堿,Null
塊,Null
塖,Null
塉,Null
塓,Null
塗,Null
塎,Null
塇,Null
塃,Null
塅,drty
塆,wjtg
塡,Null
塧,Null
塪,Null
塠,Null
塰,Null
塨,Null
塜,Null
塤,Null
塮,Null
塙,Null
塯,Null
塚,Null
塦,Null
塟,Null
塩,Null
塛,Null
塢,Null
塝,bhtf
塭,Null
塣,Null
塹,Null
塷,Null
塵,Null
塻,Null
塺,Null
墇,Null
墄,Null
墊,Null
塽,Null
墂,Null
墆,Null
塿,Null
塼,Null
塸,Null
塳,Null
塴,Null
塱,lhdt
墈,kjtl
塲,Null
塶,Null
増,Null
墌,Null
墎,Null
墋,Null
墝,Null
墛,Null
墏,Null
墤,Null
墖,Null
墜,Null
墠,Null
墍,Null
墑,Null
墔,Null
墢,Null
墕,yjth
墐,jbta
墣,putn
墘,qmtq
墡,ujtk
墧,Null
墺,Null
墴,Null
墯,Null
墬,Null
墲,Null
墫,Null
墵,Null
墳,Null
墷,Null
墰,Null
墶,Null
墭,Null
墪,Null
墸,Null
墱,Null
墥,Null
墮,Null
墹,Null
墦,fjtt
壃,Null
壂,Null
壄,Null
壐,Null
壉,Null
墿,Null
壇,Null
壊,Null
壍,Null
壈,Null
壋,Null
壎,Null
壆,Null
壀,Null
墽,Null
墻,Null
壌,Null
墾,Null
壏,Null
壒,Null
壥,Null
壘,Null
壟,Null
壔,Null
壡,Null
壢,Null
壠,Null
壞,Null
壗,Null
壨,Null
壦,Null
壜,Null
壙,Null
壣,Null
壧,Null
壚,Null
壓,Null
壖,Null
壝,Null
壛,Null
壽,Null
壷,Null
壵,Null
壩,Null
壪,Null
壻,Null
夃,Null
壯,Null
夁,Null
壺,Null
壾,Null
壿,Null
夅,Null
夀,Null
売,Null
壴,Null
壼,Null
壱,Null
壸,kyuy
壭,Null
夞,Null
夋,Null
夝,Null
夠,Null
夑,Null
夌,Null
夢,Null
夡,Null
夈,Null
夒,Null
夆,Null
夛,Null
夘,Null
夗,Null
夣,Null
夊,Null
変,Null
夓,Null
夎,Null
夐,xsdw
夽,Null
奆,Null
奊,Null
夰,Null
夶,Null
夦,Null
奅,Null
夨,Null
奃,Null
奌,Null
夾,Null
夻,Null
夳,Null
奐,Null
奍,Null
夲,Null
夿,Null
夬,gkvn
奀,enbd
夵,Null
奣,Null
奝,Null
奩,Null
奨,Null
奬,Null
奒,Null
奙,Null
奪,Null
奜,Null
奟,Null
奞,Null
奛,Null
奧,Null
奭,uidb
奓,vadx
奤,Null
奡,aoal
奦,Null
奫,Null
奮,Null
奼,Null
妎,Null
奷,Null
奵,Null
妑,Null
妏,Null
奱,Null
奿,Null
妌,Null
奾,Null
奻,Null
妀,Null
奰,Null
奲,Null
妐,Null
妅,Null
奯,Null
妋,Null
奺,Null
妉,djnv
妰,Null
妦,Null
妔,Null
妵,Null
妛,Null
妬,Null
妝,Null
妕,Null
妟,Null
妢,Null
妚,Null
妴,Null
妱,Null
妭,band
妡,xbnj
妘,yyns
妜,jtng
妠,Null
妳,ninx
妧,wjne
姉,Null
姇,Null
姎,Null
姄,Null
妼,Null
姂,Null
姃,Null
姌,Null
妿,Null
妺,Null
姁,Null
姍,Null
妸,Null
姅,Null
姏,Null
妶,Null
妽,Null
妷,Null
姀,henh
姈,lkns
姡,Null
姧,Null
姙,Null
姖,Null
姭,Null
姰,Null
姟,Null
姠,Null
姕,Null
姢,Null
姯,Null
姦,Null
姪,Null
姛,Null
姱,kxnk
姤,gznk
姩,Null
姞,jink
姫,Null
姮,hgna
姲,Null
娎,Null
姳,Null
娋,Null
娒,Null
姼,Null
姾,Null
娍,Null
姺,Null
姵,Null
娐,Null
娊,Null
姴,Null
娂,Null
姷,Null
娏,Null
姶,eenk
娀,ssnu
姸,Null
姽,gvnv
娢,Null
娛,Null
娨,Null
娪,Null
娬,Null
娕,Null
娧,Null
娚,Null
娡,Null
娭,Null
娙,Null
娮,Null
娦,Null
娤,Null
娔,Null
娞,Null
娖,Null
娝,Null
娗,Null
娫,Null
娯,Null
娹,Null
娰,Null
娷,Null
娺,Null
娽,Null
娳,Null
婇,Null
婁,Null
婂,Null
婃,Null
娸,Null
娻,Null
婄,Null
婈,Null
娾,Null
婋,xnnj
娿,Null
娵,juny
婅,Null
婡,Null
婜,Null
婙,Null
婗,Null
婑,Null
婔,Null
婝,Null
婎,Null
婖,Null
婒,Null
婓,Null
婛,Null
婐,Null
婏,Null
婞,xkng
婌,uuny
婘,qrnv
婟,Null
婍,qink
婠,wjnk
婯,Null
婩,Null
婽,Null
婥,Null
婭,Null
婬,Null
婨,Null
婹,Null
婲,Null
婮,Null
婰,Null
婣,Null
婸,Null
婦,Null
婱,Null
婻,njng
婳,hxnk
婼,ronk
婤,vznk
婫,kynb
媅,Null
媈,Null
媋,Null
婾,Null
媍,Null
媊,Null
媏,Null
媑,Null
媉,Null
媎,Null
媌,Null
媐,Null
媃,Null
媀,Null
媇,Null
媆,rrnd
媁,Null
媓,hlnw
媄,mwnd
媂,dinj
媕,Null
媥,Null
媗,Null
媔,Null
媝,Null
媟,Null
媤,Null
媣,Null
媦,Null
媡,Null
媜,Null
媨,Null
媘,Null
媙,Null
媩,Null
媧,Null
媖,ykny
媢,Null
媠,Null
媞,tinr
媹,Null
媮,Null
媻,Null
媯,Null
媬,Null
媼,Null
媶,Null
媫,Null
媴,Null
媽,Null
媰,Null
嫃,Null
媿,Null
嫀,Null
媷,Null
嫅,Null
媺,Null
媭,xupn
嫄,yrnx
媱,ycnf
嫍,Null
嫓,Null
嫛,Null
嫎,Null
嫏,Null
嫈,Null
嫗,Null
嫝,Null
嫢,Null
嫟,Null
嫞,Null
嫑,Null
嫊,Null
嫆,Null
嫋,Null
嫇,Null
嫐,ncnn
嫕,yinx
嫙,Null
嫚,mjny
嫯,Null
嫻,Null
嫵,Null
嫺,Null
嫳,Null
嫹,Null
嫰,Null
嫲,Null
嫶,Null
嫥,Null
嫨,Null
嫬,Null
嫸,Null
嫷,Null
嫤,Null
嫪,lcnp
嫴,Null
嫭,hunh
嫮,hunk
嫧,Null
嬍,Null
嬏,Null
嬌,Null
嬃,Null
嫿,Null
嬂,Null
嬄,Null
嬐,Null
嫼,Null
嫾,Null
嬋,Null
嬊,Null
嬀,Null
嬁,Null
嬈,Null
嬎,Null
嬆,Null
嬅,hxnl
嬇,Null
嫽,lnnx
嬦,Null
嬔,Null
嬞,Null
嬣,Null
嬝,Null
嬙,Null
嬑,Null
嬒,Null
嬢,Null
嬡,Null
嬕,Null
嬠,Null
嬓,Null
嬜,Null
嬘,Null
嬤,Null
嬛,hrny
嬟,Null
嬚,Null
嬥,tnnf
嬻,Null
嬩,Null
嬽,Null
嬰,Null
嬼,Null
嬪,Null
嬸,Null
嬧,Null
嬮,Null
嬨,Null
嬳,Null
嬭,Null
嬯,Null
嬹,Null
嬱,Null
嬫,Null
嬵,Null
嬺,Null
嬬,rune
嬶,Null
孆,Null
孂,Null
孍,Null
孁,Null
孇,Null
孏,Null
孈,Null
孎,Null
孋,Null
孊,Null
孒,Null
孌,Null
嬾,Null
孄,Null
孉,Null
孃,nlny
孞,Null
嬿,yjnh
孖,mazz
孅,xmnj
孨,Null
宂,Null
孿,Null
孠,Null
宆,Null
孼,Null
孻,Null
學,Null
孷,Null
孧,Null
孭,Null
孴,Null
孶,Null
孫,Null
孾,Null
孯,Null
孹,Null
孮,Null
孡,Null
孲,Null
宺,Null
宲,Null
宎,Null
宯,Null
宩,Null
宨,Null
宊,Null
宐,Null
宔,Null
宱,Null
宒,Null
宖,Null
宮,Null
宭,Null
宷,Null
宑,Null
宬,igbi
実,uibn
宍,Null
宧,yibl
寘,Null
寑,Null
寎,Null
寖,Null
寔,Null
寈,Null
寕,Null
宻,Null
寙,Null
寋,Null
寀,Null
寃,Null
寗,Null
寚,Null
寉,Null
寏,Null
宼,Null
寍,Null
寁,zjbr
寊,Null
實,Null
寲,Null
寣,Null
寵,Null
寠,Null
寢,Null
寷,Null
寴,Null
寬,Null
寯,Null
寛,Null
寳,Null
寶,Null
寧,Null
審,Null
寜,Null
寱,Null
寭,Null
寫,Null
寪,Null
將,Null
尟,Null
尅,Null
対,Null
對,Null
寽,Null
尒,Null
専,Null
尃,Null
尞,Null
尙,Null
專,Null
尓,Null
尌,Null
尋,Null
尗,Null
導,Null
尐,Null
尛,moxx
尀,Null
尩,Null
屆,Null
尫,Null
尶,Null
尷,Null
尰,Null
尲,Null
尦,Null
尠,Null
尮,Null
尪,whyw
尯,Null
尣,Null
尵,Null
尡,Null
尨,mgud
屄,biub
尭,Null
尳,Null
屃,xiur
屛,Null
層,Null
屧,Null
屘,Null
屗,Null
屟,Null
屨,Null
屒,Null
屔,Null
屜,Null
屢,Null
屝,Null
屩,Null
屪,Null
屖,Null
屓,Null
屍,Null
屇,Null
屌,dnuj
屚,Null
屴,Null
屫,Null
屲,Null
屳,Null
屽,Null
屷,Null
岄,Null
岃,Null
岀,Null
屬,Null
屭,Null
岅,Null
岆,Null
屰,Null
屸,Null
屵,Null
屼,wuew
屾,ufee
屻,Null
屶,Null
岡,Null
岎,Null
岕,Null
岤,Null
岧,Null
岇,Null
岥,Null
岝,Null
岋,Null
岪,Null
岦,Null
岟,Null
岏,Null
岉,Null
岊,jpbe
岒,Null
岞,zoev
岓,Null
岠,juej
岨,jueq
岰,Null
岾,Null
岮,Null
峇,Null
岯,Null
峆,Null
岶,Null
峀,Null
岹,Null
峅,Null
岺,Null
峈,Null
岲,Null
岻,Null
峊,Null
峃,xtxe
岼,Null
岴,Null
峉,Null
峂,tsed
峢,Null
峜,Null
峎,Null
峟,Null
峏,Null
峞,Null
峚,Null
峍,Null
峐,Null
峌,Null
峔,Null
峓,Null
峑,Null
峖,Null
峕,Null
峘,hrea
峝,Null
峛,lied
峠,Null
峗,wwev
峯,Null
峽,Null
峲,Null
島,Null
峬,Null
峴,Null
峷,Null
峹,Null
峸,Null
峫,Null
峾,Null
峮,Null
峺,Null
峵,Null
峼,Null
峱,ncqe
峩,Null
峳,Null
峧,jnex
峣,ycew
崋,Null
崓,Null
崍,Null
崐,Null
崙,Null
崗,Null
崘,Null
崈,Null
崏,Null
崉,Null
崑,Null
崊,Null
崅,Null
峿,wuek
崀,lhel
崕,Null
崌,juek
崁,kjer
崄,xmea
崒,zueu
崨,Null
崥,Null
崬,Null
崳,Null
崢,Null
崠,Null
崜,Null
崫,Null
崲,Null
崣,Null
崝,Null
崯,Null
崪,Null
崰,Null
崵,Null
崚,lgew
崟,ybej
崱,Null
崶,fgec
崡,hjek
嵂,Null
崹,Null
嵍,Null
崺,Null
崼,Null
嵈,Null
嵃,Null
嵉,Null
嵏,Null
嵄,Null
嵐,Null
崻,Null
嵆,Null
崸,Null
嵅,hjek
嵀,Null
嵁,kjev
崷,Null
嵎,yuey
崿,eeek
嵙,Null
嵠,Null
嵧,Null
嵑,Null
嵞,Null
嵤,Null
嵡,Null
嵕,Null
嵓,Null
嵦,Null
嵒,Null
嵟,Null
嵜,Null
嵣,Null
嵢,Null
嵗,Null
嵥,Null
嵔,Null
嵖,iaea
嵚,qber
嵳,Null
嵮,Null
嵨,Null
嵷,Null
嵶,Null
嵰,Null
嵵,Null
嶀,Null
嵭,Null
嵸,Null
嵺,Null
嵹,Null
嵱,Null
嵻,Null
嵾,Null
嵿,Null
嵼,Null
嵽,Null
嵪,Null
嵲,npem
嶈,Null
嶐,Null
嶃,Null
嶊,Null
嶎,Null
嶌,Null
嶆,Null
嶋,Null
嶁,Null
嶕,Null
嶏,Null
嶉,Null
嶄,Null
嶍,xieb
嶓,boet
嶑,Null
嶅,aofe
嶒,cgeo
嶇,Null
嶔,Null
嶘,Null
嶛,Null
嶠,Null
嶥,Null
嶨,Null
嶢,Null
嶚,Null
嶡,Null
嶞,Null
嶪,Null
嶗,Null
嶖,Null
嶜,Null
嶤,Null
嶣,Null
嶧,Null
嶫,Null
嶩,Null
嶦,ujek
嶟,zyec
嶰,Null
嶬,Null
嶹,Null
嶸,Null
巀,Null
嶭,Null
嶾,Null
嶻,Null
嶴,Null
嶯,Null
嶵,Null
嶱,Null
嶼,Null
嶶,Null
嶳,Null
嶮,Null
嶺,Null
嶿,Null
嶽,Null
嶲,xiev
巏,Null
巎,Null
巓,Null
巆,Null
巕,Null
巑,Null
巐,Null
巈,Null
巒,Null
巂,Null
巋,Null
巌,Null
巃,Null
巊,Null
巔,Null
巄,Null
巇,xieg
巖,Null
巁,Null
巉,ijed
巗,Null
巰,Null
巣,Null
巬,Null
巻,Null
巸,Null
巹,Null
巠,Null
巚,Null
巘,Null
巟,Null
巵,Null
巺,Null
巶,Null
巜,Null
巪,Null
巼,Null
巙,Null
巤,Null
巭,gugf
巿,Null
帄,Null
帋,Null
帥,Null
帀,Null
帇,Null
帗,Null
帍,Null
帓,Null
帉,Null
帢,Null
帞,Null
帊,Null
帎,Null
帟,Null
帤,Null
帒,Null
帨,uvje
帣,Null
帠,Null
帡,pkjk
帳,Null
幃,Null
帲,Null
幆,Null
幇,Null
師,Null
帾,Null
帶,Null
帹,Null
帴,Null
帿,Null
帰,Null
帩,Null
帯,Null
帬,Null
幁,Null
帵,Null
帪,Null
帺,Null
幀,Null
幉,Null
幘,Null
幒,Null
幈,Null
幏,Null
幙,Null
幝,Null
幐,Null
幠,Null
幗,Null
幋,Null
幍,Null
幑,Null
幊,Null
幜,Null
幓,Null
幟,Null
幚,Null
幖,bnjx
幎,Null
幱,Null
幾,Null
幫,Null
幨,Null
幦,Null
幣,Null
幩,Null
幰,Null
幬,Null
幥,Null
幹,Null
幷,Null
幧,Null
幯,Null
幭,Null
幵,Null
幤,Null
庁,Null
幮,Null
幪,mgjn
庪,Null
庫,Null
庈,Null
庍,Null
庨,Null
庩,Null
庉,Null
庛,Null
庘,Null
庒,Null
庣,Null
庡,Null
庌,Null
庎,Null
庅,Null
庢,Null
庂,Null
庝,Null
庤,vigc
広,glgs
廄,Null
廅,Null
庲,Null
庬,Null
庯,Null
廀,Null
庽,Null
庴,Null
庰,Null
庮,Null
庺,Null
廃,Null
廂,Null
庻,Null
廇,Null
庿,Null
庱,iggw
庼,qkgr
廆,wwgg
廁,Null
廈,Null
廝,Null
廜,Null
廐,Null
廢,Null
廔,Null
廠,Null
廌,Null
廏,Null
廟,Null
廚,Null
廎,Null
廞,Null
廗,Null
廍,Null
廕,Null
廘,Null
廡,Null
廋,szgy
廙,yigb
廧,Null
廱,Null
廤,Null
廣,Null
廻,Null
廸,Null
廫,Null
廰,Null
廬,Null
廦,Null
廭,Null
廹,Null
廲,Null
廵,Null
廳,Null
廯,Null
廼,Null
廥,Null
廮,Null
廩,Null
弜,Null
弣,Null
廽,Null
弒,Null
弚,Null
弖,Null
弅,Null
弍,Null
弌,Null
弐,Null
弉,Null
弔,Null
弝,Null
弞,Null
弙,Null
弎,Null
弆,jutc
弡,Null
弇,yjrc
弢,tcgy
弴,Null
彃,Null
強,Null
彁,Null
弻,Null
弰,Null
弫,Null
弤,Null
弬,Null
張,Null
弲,Null
弽,Null
彂,Null
弳,Null
弮,Null
弨,icgk
弾,Null
弿,Null
弸,pggo
弶,jlgx
彇,Null
彞,Null
彉,Null
彄,Null
彅,Null
彎,Null
彚,Null
彌,Null
彊,Null
彈,Null
彋,Null
彙,Null
彜,Null
彍,Null
彛,Null
彔,Null
彏,Null
彟,hoey
彑,Null
彆,Null
徃,Null
彥,Null
彲,Null
彵,Null
彺,Null
彮,Null
彸,Null
彨,Null
彠,Null
彶,Null
徆,Null
彽,Null
彣,Null
徍,Null
彾,Null
彿,Null
彴,Null
彫,Null
彯,Null
彧,yuad
徦,Null
徟,Null
徥,Null
徏,Null
徫,Null
從,Null
徤,Null
徔,Null
徑,Null
徠,Null
徝,Null
徖,Null
徎,Null
徢,Null
復,Null
徣,Null
徧,Null
従,Null
徚,Null
徛,jiik
徲,Null
徯,Null
徱,Null
徴,Null
徶,Null
徸,Null
徳,Null
徬,Null
徰,Null
徿,Null
忇,Null
忀,Null
忈,Null
忁,Null
徻,Null
徺,Null
徹,Null
忊,Null
徾,Null
忂,Null
忎,Null
忕,Null
忓,Null
忋,Null
忔,Null
忛,Null
応,Null
忚,Null
忟,Null
忞,mbwx
忦,Null
忰,Null
忥,Null
忩,Null
忯,Null
忨,Null
忢,Null
忲,Null
忣,Null
忬,Null
忼,Null
忴,Null
怈,Null
怉,Null
怇,Null
忺,xmxr
怋,Null
忷,Null
忹,Null
忶,Null
忳,tyxt
怑,Null
怞,Null
怗,Null
怐,Null
怚,Null
怌,Null
怟,Null
怘,Null
怓,Null
怳,Null
怰,Null
怷,Null
怭,Null
怾,Null
怴,Null
恀,Null
怣,Null
怹,Null
怶,Null
怱,Null
怤,Null
怬,Null
恄,Null
怲,Null
怢,Null
怮,Null
怽,Null
怺,Null
怸,Null
恉,Null
恇,Null
恑,Null
恅,Null
恘,Null
恖,Null
恌,Null
恆,Null
恊,Null
恎,Null
恗,Null
恈,Null
恔,xnxx
恏,hcnx
恓,xixx
恠,Null
恟,Null
恞,Null
恜,Null
恛,Null
恴,Null
悂,Null
恥,Null
恦,Null
恵,Null
恾,Null
恲,Null
恱,Null
恡,Null
悅,Null
恷,Null
悁,Null
悀,Null
恮,Null
悆,yurx
悇,Null
悊,Null
悋,Null
悎,Null
悈,jpxc
悗,Null
悓,Null
悮,Null
悙,Null
悐,Null
悘,Null
悑,Null
悧,Null
悕,Null
悥,Null
悞,Null
悪,Null
悤,Null
悜,Null
悳,Null
悏,Null
悰,csxx
悩,Null
悢,llxl
悡,Null
惃,Null
惌,Null
惏,Null
悷,Null
惂,Null
悾,Null
悵,Null
惀,Null
悽,Null
悹,Null
惍,Null
悺,Null
惄,Null
悶,Null
惁,Null
悿,Null
惈,Null
惇,dyxz
惎,jiqx
惉,Null
惣,Null
惒,Null
惞,Null
惡,Null
惓,Null
惤,Null
惖,Null
惐,Null
惵,Null
惸,Null
惪,Null
惢,Null
惲,Null
惔,tjxh
惷,Null
惥,Null
惱,Null
惛,hyxo
惗,nmxx
惙,ioxy
愋,Null
惽,Null
愌,Null
惼,Null
惻,Null
愑,Null
愅,Null
愗,Null
愂,Null
愒,Null
愓,Null
愊,Null
愄,Null
惿,Null
惾,Null
愇,Null
愃,xrxa
愔,ybxo
愖,Null
愐,mmxm
愛,Null
愢,Null
愯,Null
愞,Null
愝,Null
愱,Null
愜,Null
愬,Null
愥,Null
愮,Null
愩,Null
愘,Null
愰,Null
愪,Null
愡,Null
愳,Null
愲,Null
愙,Null
愭,qixo
愨,Null
愾,Null
慉,Null
愻,Null
愶,Null
慁,Null
慅,Null
慄,Null
慂,Null
愼,Null
慀,Null
愺,Null
慇,Null
愸,Null
愴,Null
愹,Null
愽,Null
愷,Null
愵,Null
慆,tcxj
慃,Null
慣,Null
慔,Null
慛,Null
慡,Null
慒,Null
慜,mbpx
慞,Null
慤,Null
慐,Null
慓,Null
慙,Null
慟,Null
慖,Null
慚,Null
慗,Null
態,Null
慘,Null
慍,Null
慏,Null
慠,Null
慳,Null
慪,Null
慹,Null
慴,Null
慮,Null
慫,Null
慯,Null
慲,Null
慱,Null
慩,Null
慻,Null
慶,Null
慸,Null
慺,Null
慽,Null
慼,Null
慦,Null
慥,zcxz
慬,qbxa
慭,yblx
憉,Null
憅,Null
憁,Null
憍,Null
憒,Null
憊,Null
憓,Null
憃,Null
憄,Null
慿,Null
憐,Null
憂,Null
憌,Null
憆,Null
慾,Null
憇,Null
憏,Null
憀,Null
憑,Null
憈,Null
憡,Null
憦,Null
憢,Null
憗,Null
憞,Null
憟,Null
憣,Null
憥,Null
憖,Null
憫,Null
憤,Null
憚,Null
憜,Null
憘,Null
憕,igxa
憪,Null
憛,Null
憭,lnxx
憙,xiux
憠,Null
憵,Null
憯,Null
憳,Null
憰,Null
憽,Null
憿,Null
憻,Null
憱,Null
憮,Null
懄,Null
憹,Null
憸,Null
憲,Null
懀,Null
憺,djxk
憶,Null
憴,Null
憼,Null
懁,Null
懃,Null
懝,Null
懎,Null
懏,Null
懙,Null
懌,Null
懐,Null
懗,Null
懚,Null
懛,Null
懖,Null
懘,Null
懆,Null
應,Null
懓,Null
懜,Null
懅,Null
懕,Null
懍,Null
懇,Null
懞,Null
懠,Null
懱,Null
懮,Null
懯,Null
懪,Null
懳,Null
懨,Null
懲,Null
懬,Null
懡,Null
懧,Null
懟,Null
懤,Null
懰,Null
懭,Null
懣,Null
懥,Null
懩,Null
懢,Null
懫,Null
懺,Null
戃,Null
戀,Null
戁,Null
戔,Null
懷,Null
戅,Null
戂,Null
懼,Null
戄,Null
懻,Null
懹,Null
戉,Null
懾,Null
戇,Null
懶,Null
戓,Null
懽,Null
懴,Null
懸,Null
戵,Null
戱,Null
戙,Null
戩,Null
戝,Null
戰,Null
戲,Null
戫,Null
戹,Null
戞,Null
戨,Null
戜,Null
戶,Null
戸,Null
戧,Null
戠,Null
戯,Null
戭,yjbg
戦,Null
戣,kvvg
扐,Null
扚,Null
扠,Null
戻,Null
払,Null
戼,Null
扜,Null
扟,Null
扖,Null
扏,Null
扝,Null
戺,Null
扆,yihy
扗,Null
扙,Null
扄,Null
扞,hjfg
扊,yjhh
扂,dmhk
扅,yihx
扡,Null
抁,Null
扻,Null
抆,Null
扴,Null
扢,Null
抅,Null
扷,Null
扵,Null
抂,Null
扤,Null
扲,Null
扱,Null
抇,Null
扸,Null
扨,Null
扽,dfft
扥,Null
抃,bmfb
扺,vifu
抌,Null
抧,Null
抐,Null
抎,Null
抜,Null
択,Null
抋,Null
抝,Null
抈,Null
抍,Null
抏,Null
抙,Null
抣,Null
抦,bkfb
抔,pzfb
抮,Null
抪,Null
抭,Null
抩,Null
抯,Null
抳,Null
抰,Null
抾,Null
抶,Null
拡,Null
抷,Null
拠,Null
拁,Null
拝,Null
抸,Null
拏,Null
抲,Null
拞,Null
抺,Null
拀,Null
拃,vafv
拋,Null
拕,Null
拑,Null
抴,Null
挏,Null
拫,Null
拹,Null
挀,Null
拸,Null
挄,Null
拰,Null
挋,Null
挅,Null
挆,Null
挊,Null
挃,Null
拪,Null
拵,Null
拺,Null
挍,Null
拻,Null
拲,Null
拤,qxfb
挌,Null
挱,Null
挵,Null
挰,Null
挩,Null
挔,Null
挜,Null
挙,Null
挒,Null
挳,Null
挐,Null
挧,Null
挴,Null
挕,Null
挘,Null
挦,xmfc
挬,Null
挮,Null
挭,Null
挗,Null
挓,vafq
捔,Null
捁,Null
捑,Null
捈,Null
挻,Null
捄,Null
捀,Null
捓,Null
挷,Null
捒,Null
挾,Null
捘,Null
捊,Null
捇,Null
挿,Null
挸,Null
捖,Null
挶,Null
捗,Null
挼,rofn
捲,Null
捨,Null
捬,Null
捛,Null
捫,Null
捰,Null
捵,Null
捠,Null
捚,Null
捸,Null
捳,Null
捜,Null
捝,Null
捙,Null
捪,Null
捴,Null
捥,Null
捦,Null
捯,dcfd
捤,Null
捼,Null
掅,Null
掃,Null
掕,Null
掋,Null
掚,Null
捹,Null
掆,Null
掛,Null
掄,Null
掑,Null
捿,Null
掔,Null
掁,Null
捾,Null
掙,Null
掍,Null
掓,Null
捽,zofu
掗,Null
掝,Null
掶,Null
掤,Null
掫,Null
掻,Null
掿,Null
揀,Null
採,Null
揁,Null
掵,Null
掲,Null
掜,Null
掯,Null
掹,Null
掱,Null
揂,Null
掟,dkfr
掦,Null
掽,Null
掞,ujfh
揝,Null
揅,Null
揙,Null
揜,Null
揟,Null
揈,Null
揑,Null
揃,Null
揚,Null
揊,Null
揋,Null
揢,Null
換,Null
揌,Null
揘,Null
揔,Null
揗,Null
揇,Null
揓,Null
揕,vffv
揹,Null
揬,Null
揨,Null
揰,Null
揻,Null
揤,Null
揫,Null
搃,Null
揥,Null
揵,Null
揱,Null
揧,Null
揮,Null
揳,xpfd
揦,Null
揺,Null
揼,bgfu
揾,wffm
揷,Null
揯,Null
搙,Null
搟,Null
搈,Null
搑,Null
損,Null
搄,Null
搖,Null
搆,Null
搝,Null
搇,Null
搊,Null
搗,Null
搚,Null
搉,Null
搢,Null
搘,Null
搕,Null
搎,Null
搣,mpfh
搒,bhff
搸,Null
搲,Null
搹,Null
搰,Null
搶,Null
搩,Null
搷,Null
搥,Null
搱,Null
搧,Null
搨,Null
搵,Null
搼,Null
搾,Null
搯,Null
搳,Null
搤,Null
搮,Null
搻,Null
搫,Null
摃,Null
摌,Null
摕,Null
摝,Null
摓,Null
摚,Null
摉,Null
摑,Null
摍,Null
摋,Null
摎,Null
摗,Null
摂,Null
摏,isfj
摐,Null
摙,Null
摜,Null
摛,iifd
摖,Null
摀,Null
摰,Null
摲,Null
摦,Null
摬,Null
摥,Null
摯,Null
摠,Null
摮,Null
摡,Null
摢,Null
摱,Null
摨,Null
摪,Null
摣,Null
摟,Null
摳,Null
摫,Null
摤,Null
摵,Null
摴,iufk
撐,Null
撊,Null
摻,Null
撀,Null
摿,Null
撋,Null
撎,Null
撏,Null
摶,Null
摷,Null
撃,Null
撍,Null
撌,Null
摾,Null
撈,Null
撆,Null
撁,Null
摼,Null
摽,bnfx
撉,Null
撛,Null
撔,Null
撯,Null
撢,Null
撣,Null
撦,Null
撥,Null
撗,Null
撨,Null
撠,Null
撓,Null
撪,Null
撡,Null
撘,Null
撝,Null
撜,Null
撧,Null
撟,Null
撫,Null
撚,nmfh
撿,Null
撱,Null
擋,Null
撹,Null
擄,Null
撾,Null
撽,Null
擁,Null
撶,Null
擃,Null
擇,Null
撻,Null
擆,Null
擈,Null
擌,Null
撴,Null
撳,Null
擊,Null
撲,Null
擉,Null
擨,Null
擩,Null
擟,Null
擥,Null
擙,Null
擑,Null
擕,Null
擪,Null
擜,Null
擡,Null
擖,Null
擔,Null
擓,Null
擏,Null
擛,Null
據,Null
擠,Null
擣,Null
擧,Null
擝,mgfm
擸,Null
擷,Null
擻,Null
擰,Null
擼,Null
擶,Null
擺,Null
擬,Null
擵,Null
擱,Null
擯,Null
擭,Null
擮,Null
擽,Null
擾,Null
擫,Null
擲,Null
擴,Null
擳,Null
擹,Null
攈,Null
攊,Null
攏,Null
攎,Null
攌,Null
攃,Null
攋,Null
攔,Null
攄,Null
攑,Null
攐,Null
攍,Null
攇,Null
攅,Null
攓,Null
攁,Null
攆,Null
攂,Null
攕,Null
擿,tifz
攚,Null
攝,Null
攤,Null
攧,Null
攛,Null
攢,Null
攦,Null
攜,Null
攖,Null
攬,Null
攗,Null
攪,Null
攠,Null
攨,Null
攡,Null
攟,Null
攣,Null
攙,Null
攩,Null
攞,loff
攲,Null
攼,Null
敋,Null
敆,Null
攷,Null
敊,Null
攺,Null
敇,Null
攱,Null
敎,Null
攳,Null
敄,Null
攭,Null
敍,Null
敂,Null
敃,Null
敁,Null
攽,bjbw
敀,Null
攰,gvul
敯,Null
敗,Null
敚,Null
敜,Null
敠,Null
敐,Null
敭,Null
敒,Null
敓,Null
敥,Null
敟,Null
敘,Null
敧,Null
敪,Null
敡,Null
敨,Null
敮,Null
敔,yuww
敩,xtxw
敤,Null
斆,Null
斄,Null
斂,Null
敼,Null
敶,Null
敻,Null
斃,Null
敽,Null
斀,Null
斁,Null
敾,Null
斈,Null
數,Null
敿,Null
敳,Null
敱,Null
斅,Null
敺,Null
敹,lnlw
敵,Null
斒,Null
斎,Null
斕,Null
斉,Null
斬,Null
斍,Null
斔,Null
斘,Null
斊,Null
斨,Null
斦,Null
斖,Null
斢,Null
斞,Null
斚,Null
斪,Null
斝,jxku
斣,Null
斏,Null
斠,jnau
斿,Null
斷,Null
斸,Null
斱,Null
旈,Null
旀,Null
斺,Null
斲,Null
斴,Null
旉,Null
斵,Null
旊,Null
斻,Null
斾,Null
斮,Null
斳,Null
旇,Null
旍,Null
旂,Null
斶,iuji
旝,Null
旕,Null
旳,Null
旙,Null
旡,Null
旓,Null
旛,Null
旑,Null
旫,Null
旲,Null
旜,Null
旣,Null
旔,Null
旘,Null
旤,Null
旪,Null
旟,Null
旞,svfz
旐,vcfd
旚,Null
昐,Null
昅,Null
旾,Null
昋,Null
旽,Null
旹,Null
昁,Null
昑,Null
旸,yhop
旴,xuoy
旻,mbow
昍,xroo
昇,ugou
昉,fhof
昒,huow
旵,ijoe
昄,bjoy
旼,Null
昈,huoh
旿,wuow
昩,Null
昮,Null
昲,Null
昬,Null
昞,Null
昦,Null
昗,Null
昖,Null
昜,Null
昢,Null
昘,Null
昛,Null
昚,Null
昣,vfop
昪,bmoc
昤,lkos
昡,xroy
昫,xuok
昰,uiov
昳,dpou
晑,Null
晆,Null
晍,Null
時,Null
晇,Null
晎,Null
昻,Null
昹,Null
昸,Null
昿,Null
晉,Null
晈,Null
昷,Null
晄,Null
晀,Null
晊,viot
晐,gdor
昽,lsol
晅,xroa
昺,bkob
晘,Null
晣,Null
晥,Null
晵,Null
晠,Null
晲,Null
晭,Null
晛,Null
晳,Null
晩,Null
晬,Null
晧,Null
晱,ujoh
晜,Null
晝,Null
晫,voou
晪,tmob
晙,jyow
晞,xioj
晢,vefo
暁,Null
晻,Null
晸,Null
晽,Null
晿,Null
暋,Null
暍,Null
暈,Null
暆,Null
暐,Null
暃,Null
暏,Null
暀,Null
暎,Null
暊,Null
暉,Null
暒,qkou
暅,ggoa
晹,yiow
晼,Null
暘,Null
暞,Null
暤,Null
暢,Null
暩,Null
暠,Null
暓,Null
暚,Null
暜,Null
暥,Null
暔,Null
暪,Null
暡,Null
暙,Null
暣,Null
暟,Null
暕,jmoj
暛,Null
暦,Null
暫,Null
暯,Null
暽,Null
暰,Null
曀,Null
曁,Null
暳,Null
暸,Null
暬,Null
暷,Null
曃,Null
暺,Null
暼,Null
暿,xiok
暭,Null
曂,Null
暻,Null
暲,vhou
暱,Null
暵,hjon
暶,xror
曋,Null
曓,Null
曏,Null
曇,Null
曔,Null
曕,Null
曐,Null
曆,Null
曊,Null
曖,Null
曍,Null
曄,Null
曉,Null
曗,Null
曎,Null
曅,Null
曑,Null
曒,Null
曌,vcog
曈,tsol
曧,Null
曞,Null
曫,Null
曟,Null
曬,Null
曥,Null
曱,Null
曠,Null
曪,Null
曮,Null
曭,Null
曨,Null
曡,Null
曣,Null
曘,Null
曚,Null
曤,Null
曵,Null
曢,Null
曯,Null
曽,Null
朂,Null
曶,Null
朖,Null
朇,Null
曺,Null
朎,Null
朆,Null
朁,Null
朘,Null
朑,Null
書,Null
曻,Null
朒,gaor
朅,Null
朌,Null
朓,tnod
朏,fwoi
會,Null
朄,Null
朚,Null
朞,Null
朣,Null
朩,Null
朶,Null
朠,Null
朜,Null
朢,Null
朙,Null
朰,Null
朧,Null
朡,Null
朲,Null
朮,Null
朥,Null
朤,lhoo
朷,Null
朳,bamb
朸,liml
朹,Null
杋,Null
杅,Null
杘,Null
杊,Null
杔,Null
朼,Null
朻,Null
杝,Null
杍,Null
朿,Null
朾,Null
杚,Null
杁,Null
杇,Null
杒,Null
杛,Null
杕,domd
杗,Null
杙,yimy
杄,qmmq
枀,Null
杮,Null
杫,Null
杸,Null
東,Null
杣,Null
杶,Null
杴,Null
杽,Null
杹,Null
杤,Null
杬,Null
杢,Null
枂,Null
杦,Null
枃,Null
杻,nqmi
杺,xbmx
枅,jimk
杧,mhmw
枏,Null
枦,Null
枑,Null
枟,Null
枡,Null
枩,Null
枌,Null
枓,Null
枒,Null
枙,Null
枖,Null
枊,Null
枤,Null
枛,Null
枎,Null
枆,Null
枍,yimv
枠,Null
枔,xbmv
枈,Null
柂,Null
枴,Null
柆,Null
枻,Null
枾,Null
枮,Null
枿,Null
柉,Null
枽,Null
枼,Null
枬,Null
柇,Null
柅,Null
柀,Null
枱,Null
枺,Null
枹,bcms
枲,xism
柊,vsmd
柈,bjmb
柛,Null
柟,Null
柌,Null
柦,Null
柋,Null
柪,Null
柫,Null
柎,Null
柍,Null
柭,Null
柣,Null
柤,Null
柲,Null
柨,Null
柗,Null
柡,Null
柮,Null
柕,Null
柖,ucmk
柧,Null
栍,Null
柵,Null
査,Null
栂,Null
栘,Null
柸,Null
栔,Null
栆,Null
栃,Null
柶,Null
栕,Null
柹,Null
栄,Null
柼,Null
栁,Null
柾,Null
柺,Null
柷,vume
栐,ysmy
栒,xymo
栮,Null
栧,Null
栨,Null
栤,Null
栜,Null
栥,Null
栦,Null
栢,Null
栣,Null
栠,Null
栚,Null
栯,Null
栙,Null
栰,Null
栞,Null
栬,Null
栛,Null
栫,Null
栭,Null
栟,bfmk
栱,Null
桒,Null
桋,Null
桝,Null
栵,Null
栿,Null
桍,Null
栺,Null
桇,Null
桚,Null
桛,Null
桏,Null
栶,Null
桗,Null
桙,Null
桖,Null
栴,vjmd
栻,uimg
桜,ykmn
桘,Null
桟,Null
桞,Null
桰,Null
桮,Null
桸,Null
桭,Null
桬,Null
桽,Null
桪,Null
桿,Null
桳,Null
桻,Null
桵,Null
桺,Null
桼,Null
桱,Null
桯,tkmw
桾,Null
桲,bomz
桹,lhml
梚,Null
梘,Null
梀,Null
梈,Null
梂,Null
梐,Null
梉,Null
梄,Null
梇,Null
梙,Null
梋,Null
梒,Null
梍,Null
梊,Null
梎,Null
梑,Null
梕,Null
梔,Null
梌,tumh
梖,Null
梫,Null
梟,Null
梩,Null
梞,Null
梪,Null
梤,Null
梬,Null
條,Null
梷,Null
梲,Null
梜,Null
梶,Null
梡,Null
梛,Null
梮,Null
梥,Null
梱,Null
梠,lvmk
梴,ijmz
梣,ifmv
棎,Null
棊,Null
棌,Null
棅,Null
棏,Null
棇,Null
棄,Null
梺,Null
梿,lmmz
棃,Null
梹,Null
梸,Null
棈,Null
棆,Null
梽,vimx
梼,tcmc
棁,vome
梻,Null
棐,fwfm
梾,ldml
棑,Null
棛,Null
棡,Null
棥,Null
棝,Null
棦,Null
棟,Null
棞,Null
棢,Null
棩,Null
棖,Null
棔,Null
棧,Null
棗,Null
棜,Null
棪,yjmh
棙,Null
棤,qtmo
棨,qihm
棓,bhmk
棾,Null
棸,Null
棲,Null
棴,Null
棯,Null
椃,Null
棭,Null
棿,Null
棷,Null
椇,Null
椂,Null
棳,Null
棶,Null
椄,Null
棽,ufmv
椆,izmk
棫,yuma
椀,wjmv
棬,qrmv
棻,ffcm
椙,Null
椖,Null
椏,Null
椗,Null
椔,Null
椞,Null
検,Null
椉,Null
椌,Null
椘,Null
椕,Null
椈,Null
椚,Null
椛,Null
椡,Null
椝,Null
椑,bwmu
椊,Null
椢,Null
椓,vomn
椲,Null
椧,Null
椷,Null
椫,Null
椬,Null
椣,Null
椮,Null
椺,Null
椻,Null
椶,Null
椵,Null
椥,Null
椳,Null
椱,Null
椩,Null
椸,yimy
椪,pgmy
椯,Null
椨,Null
椦,Null
楐,Null
椾,Null
楁,Null
楑,Null
楄,Null
楈,Null
楇,Null
楀,Null
楉,Null
楋,Null
楃,Null
楊,Null
楆,Null
楎,Null
楌,Null
椼,Null
楅,Null
楍,Null
楏,Null
楒,simx
楢,Null
楘,Null
楬,Null
楡,Null
楜,Null
楕,Null
楰,Null
楧,Null
楖,Null
楤,Null
楥,Null
楛,Null
楟,Null
楨,Null
楓,Null
楪,dpmm
楩,pmmg
楯,uymo
楙,mcmm
業,Null
榁,Null
楶,Null
楳,Null
極,Null
楺,Null
楻,Null
楲,Null
榏,Null
榋,Null
楽,Null
榎,Null
楾,Null
楿,Null
榐,Null
榅,wfmm
楴,Null
榑,fumc
榃,tjmt
榊,Null
榌,Null
榗,Null
榬,Null
榡,Null
榙,Null
榚,Null
榝,Null
榢,Null
榠,Null
榪,Null
榒,Null
榥,Null
榓,Null
榩,Null
榟,Null
榦,Null
榤,Null
榣,Null
榮,Null
榞,Null
榖,guuy
榶,Null
榽,Null
榵,Null
榸,Null
榿,Null
榼,Null
槅,Null
槆,Null
槄,Null
榲,Null
榺,Null
槇,Null
榳,Null
榹,Null
榾,Null
槀,Null
榯,Null
榰,vimo
槂,Null
槃,pjvm
槗,Null
槍,Null
槓,Null
槈,Null
槡,Null
槉,Null
槒,Null
槖,Null
構,Null
槙,Null
様,Null
槢,Null
槝,Null
槕,Null
槏,Null
槞,Null
槚,jxmr
槜,zvmn
槑,mwkm
槣,Null
槴,Null
槬,Null
槤,Null
槵,Null
槸,Null
槫,Null
槰,Null
槮,Null
槯,Null
槶,Null
槧,Null
槪,Null
槷,Null
槨,Null
槹,Null
槥,Null
槱,yzmh
槳,Null
槦,Null
槩,Null
樃,Null
樍,Null
樈,Null
樋,Null
槻,Null
樀,Null
樄,Null
樂,Null
樆,Null
槼,Null
樇,Null
槾,Null
樁,Null
樐,Null
樉,Null
樌,Null
樏,Null
樎,Null
槺,Null
樅,Null
権,Null
樥,Null
樕,Null
樓,Null
樚,Null
樞,Null
樣,Null
樢,Null
樧,Null
樑,Null
樠,Null
樒,Null
樛,Null
樤,Null
樖,Null
樦,Null
標,Null
樔,Null
樝,Null
樜,Null
樿,Null
樼,Null
橁,Null
樲,Null
樰,Null
樺,Null
樮,Null
橃,Null
樭,Null
樻,Null
樹,Null
樷,Null
橂,Null
樶,Null
橀,Null
樸,Null
樫,Null
樴,Null
樬,Null
樳,Null
橉,Null
橌,Null
橔,Null
橈,Null
橝,Null
橒,Null
橜,Null
橏,Null
橋,Null
橅,Null
橎,Null
橚,Null
橖,Null
橗,Null
橕,Null
橓,Null
橊,Null
橑,lnmx
橍,Null
橆,Null
橭,Null
橴,Null
橩,Null
橤,Null
橮,Null
橲,Null
橫,Null
橨,Null
橞,hvmx
橣,Null
橯,Null
橢,Null
橧,Null
機,Null
橬,Null
橰,Null
橠,Null
橳,Null
橦,tsml
橪,Null
橾,Null
橿,Null
檂,Null
檅,Null
檇,Null
檌,Null
檃,Null
檉,Null
檆,Null
橶,Null
橸,Null
檋,Null
橺,Null
橵,Null
檁,Null
橻,Null
橷,Null
檊,Null
檈,Null
橽,Null
檒,Null
檜,Null
檘,Null
檍,Null
檣,Null
檡,Null
檖,Null
檛,Null
檤,Null
檝,Null
檓,Null
檙,Null
檚,Null
檏,Null
檕,Null
檔,Null
檥,Null
檢,Null
檟,Null
檞,jpmn
檮,Null
檴,Null
檹,Null
檻,Null
檦,Null
檺,Null
檵,Null
檳,Null
檱,Null
檼,Null
檷,Null
檯,Null
檨,Null
檶,Null
檭,Null
檸,Null
檧,Null
檲,Null
檪,Null
檰,Null
櫀,Null
櫐,Null
櫄,Null
櫉,Null
櫅,Null
檽,Null
櫌,Null
櫍,Null
櫁,Null
檿,Null
櫎,Null
櫇,Null
櫋,Null
櫏,Null
檾,Null
櫊,Null
櫈,Null
櫂,Null
櫃,Null
櫆,kvmu
櫛,Null
櫝,Null
櫗,Null
櫢,Null
櫟,Null
櫘,Null
櫞,Null
櫔,Null
櫜,Null
櫠,Null
櫚,Null
櫑,Null
櫖,Null
櫡,Null
櫒,Null
櫓,Null
櫕,Null
櫤,Null
櫣,Null
櫙,Null
櫸,Null
櫥,Null
櫴,Null
櫬,Null
櫧,Null
櫪,Null
櫨,Null
櫭,Null
櫩,Null
櫮,Null
櫫,Null
櫷,Null
櫯,Null
櫳,Null
櫱,Null
櫦,Null
櫰,Null
櫶,Null
櫲,Null
櫵,Null
櫻,Null
欌,Null
欋,Null
權,Null
櫽,Null
櫿,Null
欀,Null
欄,Null
欅,Null
欈,Null
欉,Null
櫾,Null
櫹,Null
欃,Null
欇,Null
櫼,Null
欁,Null
欆,Null
欂,bomc
櫺,Null
欒,Null
欕,Null
欓,Null
欝,Null
欔,Null
欜,Null
欑,Null
欗,Null
欛,Null
欖,Null
欘,Null
欟,Null
欚,Null
欎,Null
欐,Null
欙,Null
欏,Null
欥,Null
欞,Null
欍,Null
欬,Null
欼,Null
欱,Null
欨,Null
欦,Null
欴,Null
欶,Null
欩,Null
欯,Null
欪,Null
欫,Null
欭,Null
欵,Null
欮,Null
欽,Null
欸,eisr
欰,Null
欿,Null
欳,Null
欻,ixhr
歍,Null
歂,Null
歋,Null
歘,Null
歒,Null
歔,Null
歗,Null
歕,Null
歑,Null
歀,Null
歖,Null
歊,Null
歐,Null
歏,Null
歈,Null
歅,ybxr
歎,Null
歓,Null
歁,Null
歄,Null
歳,Null
歠,Null
歫,Null
歮,Null
歬,Null
歨,Null
歛,Null
歰,Null
歯,Null
歡,Null
歚,Null
歱,Null
歲,Null
歝,Null
歩,Null
歟,Null
歜,Null
歴,Null
歞,Null
歭,Null
殎,Null
殕,Null
歷,Null
殗,Null
殌,Null
殅,Null
歺,Null
歽,Null
歿,Null
殀,Null
殐,Null
歶,Null
殘,Null
殏,Null
殑,Null
歵,Null
歾,Null
歸,Null
殈,Null
殔,Null
殢,Null
殧,Null
殬,Null
殞,Null
殠,Null
殝,Null
殭,Null
殙,Null
殫,Null
殦,Null
殮,Null
殩,Null
殜,Null
殟,Null
殥,Null
殰,Null
殤,Null
殯,Null
殣,jbda
殨,Null
殼,Null
殹,Null
殺,Null
毀,Null
殲,Null
殱,Null
殶,Null
殾,Null
毇,Null
殽,Null
殸,Null
毄,Null
毈,Null
毊,Null
毉,Null
毃,Null
毎,Null
毌,grva
毆,Null
殻,Null
毭,Null
毘,Null
毥,Null
毨,Null
毟,Null
毠,Null
毚,Null
毤,Null
毦,Null
毢,Null
毜,Null
毑,Null
毮,Null
毣,Null
毞,Null
毧,Null
毩,Null
毝,Null
毬,Null
毐,aiuw
氂,Null
毱,Null
毿,Null
氉,Null
氄,Null
氈,Null
氀,Null
氃,Null
毴,Null
毲,Null
氁,Null
毰,Null
毻,Null
毷,Null
氊,Null
毺,Null
毸,Null
毾,Null
毶,Null
毼,Null
氎,Null
氳,Null
氬,Null
氶,Null
気,Null
氞,Null
氋,Null
氭,Null
氠,Null
氜,Null
氣,Null
氥,Null
氹,Null
氷,Null
氱,Null
氌,Null
氝,Null
氫,Null
氺,Null
氒,Null
汑,Null
汘,Null
汖,Null
汒,Null
汓,Null
汎,Null
氻,Null
汙,Null
汌,Null
汃,Null
汏,Null
汅,Null
氾,fjdv
汍,Null
汚,Null
氼,niur
汈,dndd
汄,Null
氿,gvdj
汋,vodu
汷,Null
沀,Null
汵,Null
汳,Null
汣,Null
汢,Null
決,Null
汸,Null
汦,Null
汻,Null
汿,Null
汯,Null
汬,Null
汱,Null
汮,Null
汼,Null
汫,jkdj
汧,qmdk
汥,Null
汭,rvdn
沊,Null
沋,Null
沠,Null
沖,Null
沕,Null
沑,Null
沜,Null
沝,Null
沒,Null
沬,Null
沍,Null
沞,Null
沎,Null
沗,Null
沢,zedi
沚,vidv
沄,yyds
沘,bidb
沨,fgdx
沇,yjde
泎,Null
沴,Null
況,Null
沷,Null
泏,Null
泀,Null
沯,Null
泍,Null
泈,Null
泋,Null
沺,tmdt
泒,Null
沶,Null
泑,Null
沰,Null
泆,Null
泇,jxdk
沵,midx
泂,jsdk
泃,judk
洂,Null
泬,Null
泦,Null
洅,Null
泭,Null
泤,Null
洃,Null
泹,Null
泲,Null
泧,Null
泿,Null
洀,Null
泟,Null
泝,Null
泘,Null
泚,cidb
泩,Null
泴,Null
泙,pkdp
泜,vidd
洆,Null
洡,Null
洕,Null
洏,Null
洍,Null
洟,Null
洜,Null
洖,Null
洔,Null
洠,Null
洉,Null
洊,Null
洝,Null
洐,Null
洈,wwdv
洢,yidy
洑,fudq
洘,kcdv
洓,qidn
洣,midm
浄,Null
洯,Null
浀,Null
浂,Null
洷,Null
洶,Null
洩,Null
洤,Null
洦,Null
洬,Null
洰,Null
浌,Null
洺,mkdk
浐,ijdi
洭,kldw
洿,wudk
洸,gldw
浉,uidj
洴,pkdk
洨,xndx
浤,Null
浝,Null
浫,Null
浨,Null
浖,Null
浗,Null
浢,Null
浳,Null
浧,Null
浘,Null
浱,Null
浡,bodz
浲,fgdf
浕,jbdd
浭,ggdg
浛,hjdk
浬,lidl
浟,yzdw
浰,lidd
浥,yidb
浾,Null
浻,Null
浹,Null
涋,Null
浽,Null
涇,Null
浶,Null
涆,Null
浿,Null
涃,Null
涏,Null
涀,Null
涊,Null
浺,Null
浵,Null
涁,Null
涒,Null
涐,eedw
涄,pkdv
涍,xndz
涶,Null
涷,Null
涺,Null
涰,Null
涬,Null
涭,Null
涙,Null
涖,Null
涚,Null
涥,Null
涳,Null
涗,Null
涜,Null
涹,Null
涼,Null
涴,wodv
涻,Null
涱,Null
涘,sidu
涢,yydr
淁,Null
淕,Null
淐,Null
淊,Null
淉,Null
淃,Null
淔,Null
涽,Null
淓,Null
淈,Null
淒,Null
淎,Null
淛,Null
涾,Null
淗,Null
淏,hcdt
淜,pgdo
淍,Null
淂,Null
淚,Null
淪,Null
淰,Null
淽,Null
淺,Null
淧,Null
淾,Null
淥,Null
淲,Null
淢,Null
淸,Null
淿,Null
淶,Null
淩,Null
淵,Null
淣,Null
淭,Null
淨,Null
淯,yudo
淟,tmdb
淴,hudx
渓,Null
渄,Null
渀,Null
渆,Null
渙,Null
渏,Null
減,Null
渂,Null
渜,Null
済,Null
渒,Null
渘,Null
渉,Null
渕,Null
渁,Null
渃,Null
渋,Null
渞,Null
渟,tkdd
渇,Null
渻,Null
渹,Null
渳,Null
測,Null
渶,Null
渵,Null
渦,Null
渮,Null
渽,Null
湀,Null
渢,Null
渧,Null
渾,Null
渿,Null
渨,Null
渱,Null
渪,Null
渰,yjdc
渷,Null
渼,mwdd
湐,Null
湕,Null
湊,Null
湋,Null
湗,Null
湏,Null
湚,Null
湈,Null
湒,Null
湆,Null
湌,Null
湇,Null
湙,Null
湂,Null
湑,xudo
湁,Null
湉,tmdk
湝,jpdb
湅,Null
湜,uidr
湬,Null
湡,Null
湭,Null
湰,Null
湯,Null
湱,Null
湧,Null
湳,Null
湪,Null
湞,Null
湢,Null
湠,Null
湩,Null
湤,Null
湨,Null
湲,yrdy
湥,Null
湦,ugdu
湣,mbdo
湴,bjdy
湸,Null
湺,Null
溂,Null
湻,Null
溄,Null
湶,Null
溈,Null
溋,Null
溊,Null
溎,Null
溌,Null
湵,Null
湹,Null
湽,Null
溇,lzdn
満,Null
溍,jbdo
溁,ykdm
湷,Null
湼,Null
溓,Null
溗,Null
溝,Null
溩,Null
溑,Null
溨,Null
溡,Null
溔,Null
溕,Null
溤,Null
溛,Null
準,Null
溙,Null
溒,Null
溞,scdi
溚,tadk
溦,wwdw
溣,Null
溠,vadg
溫,Null
溬,Null
滊,Null
溳,Null
溾,Null
溿,Null
滅,Null
溮,Null
溼,Null
溰,Null
滈,Null
滀,Null
溸,Null
滌,Null
滄,Null
溭,Null
溹,sodx
滆,gedl
溵,ybdy
滉,hldw
滃,wgdx
滎,Null
滒,Null
滬,Null
滛,Null
滭,Null
滝,Null
滖,Null
滜,Null
滰,Null
滯,Null
滍,vidi
滣,Null
滙,Null
滧,ycdw
滱,Null
滮,Null
滪,yudr
滐,Null
滫,xqdo
滘,jndk
滵,Null
滻,Null
滲,Null
滷,Null
滿,Null
漊,Null
滳,Null
漇,Null
漄,Null
漃,Null
漀,Null
滸,Null
滼,Null
滺,Null
滾,Null
滽,Null
漅,Null
滶,Null
漁,Null
漈,jidx
漗,Null
漒,Null
漣,Null
漛,Null
漞,Null
漜,Null
漡,Null
漐,Null
漘,Null
漌,Null
漑,Null
漚,Null
漢,Null
漍,Null
漎,Null
漟,Null
漝,Null
漖,jndw
漙,Null
漋,lsdu
漺,Null
潀,Null
漮,Null
漸,Null
漬,Null
漰,Null
漧,Null
漥,Null
潁,Null
漨,Null
漽,Null
漵,Null
漿,Null
漷,hode
漦,siwu
漻,lndp
漼,cvdf
漴,uldx
漲,Null
漹,yjdh
潕,Null
潄,Null
潈,Null
潑,Null
潚,Null
潐,Null
潗,Null
潂,Null
潙,Null
潅,Null
潊,Null
潃,Null
潉,Null
潓,Null
潎,Null
潔,Null
潏,yudk
潒,Null
潌,Null
潖,padb
潥,Null
潬,Null
潳,Null
潣,Null
潡,Null
潯,Null
潱,Null
潶,Null
潤,Null
潫,Null
潠,Null
潨,Null
潝,Null
潰,Null
潟,xidh
潪,Null
潩,yidb
潧,Null
潛,Null
潵,sadw
澀,Null
澊,Null
澐,Null
澓,Null
潹,Null
澁,Null
潿,Null
澆,Null
澋,Null
潻,Null
澒,Null
澏,Null
澑,Null
潷,Null
澃,Null
澂,igdw
澇,Null
潽,pudo
澅,Null
潾,lbdl
澚,Null
澨,Null
澢,Null
澦,Null
澖,Null
澝,Null
澘,Null
澞,Null
澕,Null
澙,Null
澩,Null
澠,Null
澔,Null
澤,Null
澛,ludo
澗,Null
澪,lkds
澣,Null
澥,xpdn
澟,Null
濃,Null
澰,Null
澬,Null
澮,Null
澯,Null
澫,Null
澵,Null
澻,Null
澲,Null
澸,Null
澷,Null
澱,Null
澾,Null
澿,Null
澺,Null
濁,Null
澽,judu
澼,pidu
澭,ysdf
澴,hrdy
濗,Null
濇,Null
濙,Null
濊,Null
濓,Null
濖,Null
濏,Null
濌,Null
濔,Null
濚,Null
濆,Null
濎,Null
濅,Null
濕,Null
濍,Null
濄,Null
濈,Null
濐,Null
濘,Null
濋,iudr
濣,Null
濧,Null
濱,Null
濪,Null
濬,Null
濭,Null
濢,Null
濤,Null
濲,Null
濨,Null
濫,Null
濛,Null
濟,Null
濰,Null
濥,Null
濩,hody
濳,Null
濜,Null
濦,Null
濝,Null
瀁,Null
瀅,Null
濽,Null
濺,Null
濾,Null
濷,Null
瀂,Null
濸,Null
濿,Null
濻,Null
瀃,Null
濴,Null
瀇,Null
濵,Null
瀆,Null
瀀,Null
瀄,Null
濶,Null
濼,Null
濹,Null
瀏,Null
瀒,Null
瀗,Null
瀞,Null
瀊,Null
瀓,Null
瀉,Null
瀈,Null
瀕,Null
瀎,Null
瀙,Null
瀋,Null
瀜,Null
瀐,Null
瀖,Null
瀘,Null
瀔,gudy
瀝,Null
瀍,ijdt
瀌,bndh
瀰,Null
瀧,Null
瀠,Null
瀯,Null
瀲,Null
瀦,Null
瀡,Null
瀟,Null
瀭,Null
瀤,Null
瀢,Null
瀩,Null
瀳,Null
瀪,Null
瀮,Null
瀬,Null
瀥,Null
瀫,Null
瀱,jidd
瀨,Null
瀿,Null
瀺,Null
瀸,Null
瀾,Null
灃,Null
瀻,Null
灇,Null
灆,Null
灉,Null
灂,Null
瀶,Null
瀷,Null
瀽,Null
灄,Null
灁,Null
灅,Null
瀴,Null
灈,qudf
灀,uldo
瀼,rhdy
灗,Null
灖,Null
灔,Null
灋,Null
灠,Null
灚,Null
灍,Null
灐,Null
灓,Null
灜,Null
灊,Null
灒,Null
灑,Null
灛,Null
灝,Null
灟,Null
灕,Null
灙,Null
灎,Null
灘,Null
灡,Null
灥,Null
灻,Null
灲,Null
灷,Null
灨,Null
灧,Null
灱,Null
灢,Null
灩,Null
灳,Null
灤,Null
災,Null
灹,Null
灮,Null
灴,Null
灺,Null
灦,Null
灣,Null
灪,Null
炗,Null
炑,Null
炐,Null
炂,Null
炇,Null
炄,Null
炍,Null
炛,Null
炈,Null
炃,Null
炓,Null
炞,Null
炋,Null
炏,Null
炚,Null
炌,kdhl
炆,wfhw
炘,xbhj
炁,qiah
炟,daha
炥,Null
炪,Null
為,Null
烄,Null
炦,Null
炿,Null
炵,Null
炠,Null
炶,Null
炨,Null
炰,Null
炩,Null
炴,Null
炲,Null
炾,Null
炡,Null
炤,vchk
炧,Null
炢,Null
炣,kehk
烌,Null
烇,Null
烚,Null
烑,Null
烖,Null
烍,Null
烐,Null
烉,Null
烒,Null
烏,Null
烋,Null
烗,Null
烅,Null
烎,ybkh
烔,tshk
烝,vglh
烜,xrha
烓,wwht
烕,Null
烆,Null
烲,Null
烡,Null
烞,Null
烼,Null
烵,Null
烢,Null
烱,Null
烥,Null
烾,Null
烸,Null
烣,Null
烪,Null
烳,Null
烰,Null
烮,Null
烻,yjhz
烺,lhhl
烠,hvho
烴,Null
烶,tkhz
焒,Null
焇,Null
焛,Null
焂,Null
焍,Null
焃,Null
焈,Null
焑,Null
焔,Null
焁,Null
烿,Null
焎,Null
焅,Null
焏,Null
焄,Null
焀,Null
焆,jrho
焗,juhk
焌,quhw
焋,Null
焥,Null
焲,Null
焩,Null
焟,Null
焭,Null
焢,Null
焠,Null
焪,Null
焫,Null
無,Null
焬,Null
焳,Null
焮,Null
焝,Null
焤,Null
焨,Null
焣,Null
焧,Null
焞,tyhz
焜,kyhb
煂,Null
焽,Null
焵,Null
煈,Null
焴,Null
焷,Null
焹,Null
煀,Null
焻,Null
焸,Null
煆,Null
焼,Null
焿,Null
煁,ifhv
焾,Null
焺,ughu
煉,Null
煃,kvht
煇,Null
煄,Null
煘,Null
煡,Null
煚,Null
煑,Null
煕,Null
煢,Null
煛,Null
煍,Null
煙,Null
煒,Null
煠,Null
煔,Null
煖,Null
煓,trhe
煝,Null
煗,Null
煏,Null
煟,wwho
煋,xkhu
煐,Null
煩,Null
煬,Null
煭,Null
煶,Null
煷,Null
煫,Null
煪,Null
煱,Null
煰,Null
煥,Null
煵,Null
煯,Null
煣,Null
煴,yyhm
煼,Null
煹,Null
煻,Null
煾,Null
煿,Null
熀,Null
熂,Null
熍,Null
熉,Null
熋,Null
熑,Null
熐,Null
熅,Null
熃,Null
熆,Null
熎,Null
熌,Null
熁,Null
熈,Null
熗,Null
熕,Null
熇,hehk
熓,Null
熒,Null
熖,Null
熚,Null
熲,Null
熱,Null
熰,Null
熭,Null
熫,Null
熞,Null
熧,Null
熤,Null
熝,Null
熣,Null
熩,Null
熢,Null
熪,Null
熮,Null
熯,Null
熡,Null
熛,bnhx
熦,Null
熥,tghz
熜,cshx
熸,Null
燅,Null
熶,Null
燇,Null
燉,Null
燀,Null
熼,Null
燂,Null
熾,Null
熿,Null
熷,Null
燆,Null
熺,Null
熴,Null
燁,Null
燊,ufhm
熽,Null
熻,xihx
燄,Null
燈,Null
燍,Null
燡,Null
燓,Null
營,Null
燙,Null
燒,Null
燌,Null
燞,Null
燘,Null
燜,Null
燖,Null
燛,Null
燐,Null
燝,Null
燏,yuhk
燋,jnhh
燚,yihh
燗,Null
燢,Null
燑,Null
燲,Null
燬,Null
燯,Null
燵,Null
燴,Null
燷,Null
燶,Null
燫,Null
燱,Null
燪,Null
燰,Null
燸,Null
燨,Null
燩,Null
燳,Null
燭,Null
燤,Null
燣,Null
燦,Null
燺,Null
爉,Null
燼,Null
爏,Null
爍,Null
爋,Null
爈,Null
爀,Null
爄,Null
燽,Null
燻,Null
爅,Null
燾,Null
燿,Null
爎,Null
爊,Null
爌,Null
爁,Null
爇,roch
爂,Null
爃,Null
爘,Null
爣,Null
爕,Null
爞,Null
爐,Null
爛,Null
爒,Null
爜,Null
爗,Null
爡,Null
爑,Null
爠,Null
爤,Null
爓,Null
爖,Null
爢,Null
爙,Null
爟,grhf
爚,ythc
爔,xihd
爴,Null
爭,Null
牅,Null
牃,Null
爮,Null
爩,Null
爲,Null
爺,Null
牄,Null
爼,Null
爧,Null
爫,Null
爳,Null
牁,kepk
爾,Null
爯,Null
爦,Null
牀,Null
牂,zhpy
爥,Null
牐,Null
牋,Null
牉,Null
牏,Null
牊,Null
牜,Null
牠,Null
牑,Null
牞,Null
牕,Null
牘,Null
牎,Null
牣,Null
牗,Null
牔,Null
牓,Null
牥,fhnf
牚,igxy
牤,mhnw
牆,Null
牭,Null
牬,Null
牸,Null
犅,Null
牳,Null
犆,Null
犃,Null
牷,Null
牨,Null
牼,Null
牴,Null
牫,Null
牰,Null
牶,Null
牪,Null
牻,mhnd
犂,Null
牽,Null
牱,Null
犇,bfnn
犜,Null
犘,Null
犙,Null
犚,Null
犎,Null
犕,Null
犖,Null
犝,Null
犌,Null
犉,Null
犓,Null
犔,Null
犐,Null
犡,Null
犛,Null
犞,Null
犈,Null
犗,Null
犑,Null
犠,Null
犣,Null
犻,Null
犾,Null
犢,Null
犱,Null
犩,Null
犫,Null
犲,Null
犺,Null
犥,Null
犽,Null
犮,Null
犤,Null
犧,Null
犵,Null
犦,Null
犳,Null
犼,hzqv
犨,izrn
犪,Null
狔,Null
狖,Null
狊,Null
狋,Null
狚,Null
狕,Null
狆,Null
狑,Null
狅,Null
狇,Null
狜,Null
狀,Null
狛,Null
狏,Null
狓,Null
狘,Null
犿,Null
狌,Null
狉,piqp
狝,xmqx
狾,Null
狟,Null
猂,Null
狵,Null
狹,Null
狶,Null
狪,Null
狿,Null
狽,Null
猅,Null
狤,Null
狢,Null
狫,Null
猆,Null
狧,Null
狣,Null
狥,Null
猀,Null
狦,Null
猄,jkqx
猈,Null
猋,Null
猌,Null
猑,Null
猔,Null
猍,Null
猏,Null
猘,Null
猐,Null
猙,Null
猒,Null
猉,Null
猤,Null
猟,Null
猠,Null
猦,Null
猣,Null
猇,xnqj
猧,Null
猚,Null
猵,Null
獃,Null
獆,Null
猳,Null
猭,Null
猻,Null
獄,Null
獇,Null
猶,Null
獁,Null
猲,Null
獂,Null
獀,Null
猽,Null
猼,Null
猨,Null
獅,Null
猰,yaqd
猯,trqe
猺,ycqf
獕,Null
獑,Null
獊,Null
獋,Null
獛,Null
獘,Null
獞,Null
獎,Null
獟,Null
獈,Null
獜,Null
獙,Null
獖,Null
獝,Null
獔,Null
獚,Null
獓,Null
獏,Null
獉,Null
獌,Null
獢,Null
獥,Null
獨,Null
獰,Null
獦,Null
獳,Null
獶,Null
獫,Null
獧,Null
獱,Null
獵,Null
獲,Null
獪,Null
獩,Null
獤,Null
獴,mgqn
獷,Null
獮,Null
獡,Null
獣,Null
獼,Null
玁,Null
獹,Null
獻,Null
獿,Null
玆,Null
獸,Null
玐,Null
玌,Null
玅,Null
玃,jtqy
獽,Null
獺,Null
玈,Null
玀,Null
玊,suwd
玒,hswg
玂,Null
玍,Null
玏,lewl
玧,Null
玜,Null
玣,Null
玝,Null
玪,Null
玬,Null
玔,Null
玨,Null
玗,Null
玦,jtwg
玥,ytwo
玕,gjwg
玡,yawy
玓,diwu
玚,ihwp
玙,yuwy
玘,qiwj
玠,jpwl
玞,fuwf
玤,bhwf
珆,Null
玾,Null
玸,Null
珁,Null
玴,Null
珎,Null
玽,gzwk
珇,zuwq
玵,Null
珅,ufwu
玱,qlwv
珋,lqwe
玹,xrwy
玭,pbwb
珄,ugwu
玼,ciwb
玶,pkwp
珃,ugwr
玿,ucwk
珌,biwb
珤,Null
珗,Null
珘,Null
珔,Null
珟,Null
珓,Null
珡,Null
珚,Null
珨,Null
珪,gvwt
珣,xywo
珜,Null
珢,ybwg
珛,xqwo
珒,jbwy
珖,glww
珝,xuwx
珫,iswe
珦,xlwk
珕,liwl
珻,Null
珼,Null
珱,Null
珯,Null
現,Null
珬,Null
珶,Null
珿,Null
琁,Null
珴,Null
珳,Null
琀,hjwk
珸,wuwk
珹,igwi
珮,pwwj
珺,jywk
珰,dhwe
珽,tkwz
珷,wuwv
珵,igww
琝,Null
琑,Null
琗,Null
琕,Null
琜,Null
琋,Null
琓,Null
琍,Null
琘,Null
琙,Null
琖,Null
琔,dmwr
琒,Null
琌,Null
琎,jbwz
琇,xqwn
琞,ugoy
琄,xrwo
琂,yjwk
琈,fuwz
琱,Null
琺,Null
琽,Null
琿,Null
琻,Null
琧,Null
琹,Null
琸,Null
琩,Null
琣,Null
琾,Null
琠,Null
琫,bgwl
琷,Null
琡,iuwy
琟,wwwf
琤,igwl
琭,luwu
琲,bwwf
琯,grwk
瑍,Null
瑎,Null
瑉,Null
瑋,Null
瑐,Null
瑌,Null
瑈,Null
瑏,Null
瑒,Null
瑇,Null
瑃,iywo
瑂,mwwo
瑊,jmwk
瑄,xrwa
瑆,xkwu
瑔,qrwu
瑓,lmwj
瑑,vrwu
瑀,yuwy
瑅,tiwr
瑯,Null
瑤,Null
瑮,Null
瑡,Null
瑲,Null
瑦,Null
瑘,Null
瑩,Null
瑠,Null
瑫,Null
瑣,Null
瑪,Null
瑥,Null
瑨,jbwo
瑧,vfwh
瑢,rswk
瑬,lqdy
瑖,drwy
瑝,hlww
瑱,tmwb
璌,Null
璊,Null
璅,Null
瑵,Null
瑻,Null
璂,Null
瑽,Null
瑼,Null
璏,Null
瑸,Null
瑹,Null
璍,Null
璉,Null
瑴,Null
璆,qqwp
瑺,Null
璄,Null
瑿,Null
瑳,cowg
璈,aoww
璙,Null
璚,Null
璢,Null
璛,Null
璗,Null
璝,Null
璣,Null
璤,Null
璔,Null
璖,Null
璦,Null
璕,Null
璓,Null
璡,Null
璑,Null
璒,dgwa
璟,jkwx
璥,jkww
璠,fjwt
璘,lbwl
璳,Null
璷,Null
璭,Null
璹,Null
璯,Null
璶,Null
璼,Null
璫,Null
璽,Null
璾,Null
璸,Null
璴,Null
環,Null
璵,Null
璲,svwz
璻,Null
璱,sewb
璪,zcwm
璬,jnww
璮,tjwa
瓎,Null
瓏,Null
瓄,Null
瓍,Null
瓋,Null
瓉,Null
瓇,Null
瓃,Null
瓁,Null
瓌,Null
瓈,Null
瓑,Null
瓊,Null
璿,Null
瓅,Null
瓂,Null
瓆,Null
瓐,Null
瓀,rrwe
瓓,Null
瓧,Null
瓟,Null
瓭,Null
瓕,Null
瓝,Null
瓰,Null
瓩,Null
瓙,Null
瓬,Null
瓗,Null
瓨,Null
瓥,Null
瓛,Null
瓚,Null
瓫,Null
瓪,Null
瓖,xlwy
瓔,Null
瓘,grwf
瓡,Null
甉,Null
瓾,Null
瓼,Null
甅,Null
瓸,Null
瓵,Null
瓱,Null
瓺,Null
甈,Null
甁,Null
甃,Null
瓳,Null
瓲,Null
瓽,Null
甆,Null
瓹,Null
甀,Null
甇,Null
瓻,iixw
甂,Null
甒,Null
甖,Null
甊,Null
甎,Null
甋,Null
甧,Null
甠,Null
甞,Null
甝,Null
甌,Null
甐,Null
産,Null
產,Null
甕,Null
甔,Null
甤,Null
甡,ufuu
甗,yjhw
甛,Null
甦,sugu
甴,Null
畉,Null
畄,Null
甽,Null
畂,Null
甼,Null
畍,Null
甹,Null
畆,Null
畃,Null
甶,Null
甮,Null
甿,Null
畒,Null
畐,Null
甪,lupy
畑,tmht
畁,Null
畇,Null
畊,ggtj
畭,Null
畞,Null
畮,Null
畗,Null
畩,Null
畨,Null
畧,Null
畟,Null
畡,Null
畝,Null
畠,Null
畣,Null
畢,Null
畫,Null
畓,Null
畖,watg
畘,Null
畕,Null
畬,uert
畤,vitc
疂,Null
疅,Null
疇,Null
畳,Null
畷,Null
畱,Null
畼,Null
畾,Null
疉,Null
疈,Null
異,Null
畽,Null
畻,Null
畵,Null
畺,Null
畯,jytw
當,Null
疀,Null
疄,Null
疁,lqtp
疓,Null
疨,Null
疶,Null
疛,Null
疕,Null
疘,Null
疪,Null
疊,Null
疎,Null
疦,Null
疩,Null
疜,Null
疞,Null
疭,zsbr
疌,Null
疍,djva
疧,Null
疐,viur
疷,Null
疢,ifbh
痎,Null
痐,Null
痚,Null
痆,Null
痑,Null
痏,Null
疻,Null
痙,Null
疿,Null
痝,Null
疺,Null
痋,Null
痌,Null
痟,Null
痁,Null
痠,Null
痜,Null
痓,iibt
痀,Null
痗,Null
痺,Null
痶,Null
痭,Null
痮,Null
痥,Null
痽,Null
瘂,Null
痻,Null
痯,Null
痵,Null
痬,Null
痲,Null
痷,Null
瘄,Null
痩,Null
痡,Null
痳,Null
痾,Null
痸,Null
瘆,ufbp
瘍,Null
瘎,Null
瘡,Null
瘋,Null
瘝,Null
瘓,Null
瘏,Null
瘜,Null
瘞,Null
瘨,Null
瘧,Null
瘚,Null
瘔,Null
瘣,Null
瘇,Null
瘒,Null
瘑,Null
瘉,Null
瘈,Null
瘖,Null
癉,Null
瘲,Null
瘹,Null
瘷,Null
癆,Null
癅,Null
療,Null
瘽,Null
瘶,Null
癈,Null
癊,Null
瘯,Null
癇,Null
瘮,Null
癄,Null
瘬,Null
瘱,Null
瘻,Null
癁,Null
瘺,Null
癥,Null
癟,Null
癎,Null
癛,Null
癘,Null
癡,Null
癕,Null
癤,Null
癒,Null
癙,Null
癋,Null
癢,Null
癝,Null
癏,Null
癚,Null
癓,Null
癐,Null
癑,Null
癠,Null
癗,lwbt
癮,Null
癲,Null
癭,Null
癰,Null
癦,Null
発,Null
發,Null
癧,Null
癹,Null
癷,Null
癶,Null
癵,Null
癴,Null
癩,Null
癳,Null
癱,Null
癿,qpbv
癪,Null
癬,Null
癨,Null
皚,Null
皊,Null
皐,Null
皀,Null
皃,Null
皍,Null
皗,Null
皏,Null
皁,Null
皝,Null
皔,Null
皒,Null
皘,Null
皌,Null
皉,Null
皜,Null
皅,Null
皕,bibb
皞,hcbu
皛,xnbb
皶,Null
皰,Null
皡,Null
皧,Null
皯,Null
皷,Null
皠,Null
皥,Null
皬,Null
皟,Null
皨,Null
皩,Null
皪,Null
皣,Null
皳,Null
皫,Null
皦,jnbw
皢,Null
皵,Null
皭,jnbc
皺,Null
盀,Null
皾,Null
盁,Null
皹,Null
皻,Null
皼,Null
皽,Null
盃,Null
皸,Null
阿,aaek
哀,aiwy
蔼,aicv
唉,aiku
皑,aibj
挨,aifu
哎,aikx
癌,aibe
啊,aakk
埃,aitu
按,anfn
矮,aiun
隘,aiem
爱,aipy
氨,anqn
艾,aicx
鞍,angn
碍,aiuc
俺,anrd
安,anbn
案,anbm
盎,ahym
昂,ahoe
敖,aofw
暗,anoo
凹,aola
肮,ahoj
岸,aneg
熬,aofh
胺,anon
叭,bakb
袄,aopy
扒,bafb
傲,aorw
澳,aodd
捌,bafd
翱,aobx
奥,aopd
懊,aoxd
芭,bacb
跋,bazd
把,bafb
吧,bakb
靶,bagb
笆,bavb
巴,basl
耙,palb
八,bapn
疤,babb
拔,bafd
佰,bdrb
坝,batr
白,bdpo
爸,babb
摆,bdfs
霸,bayo
百,bdab
柏,bdmb
败,bdkw
罢,bass
拜,bduf
斑,bjww
稗,bdhu
班,bjww
扳,bjfy
般,bjvy
颁,bjbr
搬,bjfy
版,bjpy
板,bjmy
半,bjdl
扮,bjfd
办,bjld
拌,bjfb
瓣,bjlu
伴,bjrb
绊,bjsb
邦,bhfe
梆,bhme
帮,bhfj
榜,bhmf
膀,bhof
棒,bhml
绑,bhse
谤,bhyf
苞,bccs
镑,bhjf
傍,bhrf
磅,bhuf
蚌,bgif
盋,Null
盌,Null
盄,Null
盇,Null
盕,Null
盙,Null
盓,Null
盉,hehm
包,bcbs
胞,bcos
剥,bced
褒,bcwy
盝,Null
監,Null
盡,Null
盞,Null
盢,Null
盠,Null
盚,Null
盜,Null
盤,Null
盧,Null
盨,Null
盦,anrm
盭,Null
盩,Null
盪,Null
盰,Null
盫,Null
盬,Null
盵,Null
盳,Null
盿,Null
眀,Null
盶,Null
盽,Null
盷,tmod
盻,pjov
盺,Null
眂,Null
眆,Null
眅,Null
眃,Null
眊,mcom
県,Null
眑,Null
眎,Null
眐,Null
眓,Null
眔,Null
眏,Null
眒,Null
眗,Null
眛,Null
眜,Null
眖,Null
眘,Null
眕,Null
眞,Null
眝,Null
眡,Null
眣,Null
眥,Null
眤,Null
眮,Null
眲,Null
眰,Null
眪,Null
眧,Null
眫,Null
眱,Null
眬,lsol
眿,Null
眾,Null
眴,Null
眹,Null
眻,Null
眽,Null
眳,Null
睂,Null
睈,Null
睅,Null
睆,Null
睄,ucoo
睏,Null
睍,Null
睋,Null
睌,Null
睉,Null
睊,Null
睎,xioj
睒,Null
睙,Null
睜,Null
睖,Null
睔,Null
睕,Null
睓,Null
睘,Null
睗,Null
堡,bcrt
保,bcrm
薄,bocc
雹,bcys
豹,bcvu
饱,bcus
爆,bchu
抱,bcfs
暴,bcou
鲍,bcas
宝,bcby
报,bcfy
悲,bwfx
碑,bwuu
背,bwlo
北,bwlb
贝,bwkr
狈,bwqr
备,bwwt
卑,bwpu
钡,bwjr
杯,bwmb
倍,bwrk
辈,bwfi
崩,bgeo
奔,bfdc
本,bfaa
苯,bfcb
笨,bfvb
焙,bwhk
惫,bwwx
被,bwpy
绷,bgso
比,bibb
逼,bizt
蹦,bgzo
彼,biiy
迸,bgzk
碧,biwu
泵,bguu
甭,bgby
笔,bivm
鼻,bizl
鄙,bike
蔽,bicw
蓖,bicb
毖,bibb
庇,bigb
毕,bibu
毙,bibb
痹,bibl
币,bipj
闭,bimc
敝,bidw
辟,biuu
陛,biet
鞭,bmgg
壁,biut
避,bizu
弊,bidc
边,bmzl
臂,biuo
编,bmsc
必,bidd
卞,bmdx
辨,bmlu
变,bmwy
辫,bmlu
贬,bmkf
便,bmrg
扁,bmhc
辩,bmlu
遍,bmzc
标,bnmx
鳖,bpda
彪,bnhp
表,bnfy
别,bpkd
斌,bbwv
濒,bbdr
彬,bbmp
膘,bnox
瘪,bpbb
憋,bpdx
滨,bbdb
摈,bbfb
宾,bbbb
饼,bkuk
兵,bkqb
秉,bkpn
柄,bkmb
炳,bkhb
丙,bkan
冰,bkdu
睞,Null
睝,Null
睟,Null
睧,Null
睭,Null
睤,Null
睩,Null
睪,Null
睮,Null
睠,Null
睯,Null
睱,Null
睰,Null
睳,Null
睴,Null
睶,Null
睵,Null
睸,Null
睲,Null
睷,Null
睺,Null
睼,Null
睻,Null
瞁,Null
瞆,Null
瞈,Null
瞇,Null
瞂,Null
瞉,Null
瞃,Null
瞏,Null
瞊,Null
瞋,ifob
瞔,Null
瞖,Null
瞐,Null
瞕,Null
瞘,Null
瞗,Null
瞓,ffoi
瞙,Null
瞚,Null
瞛,Null
瞞,Null
瞦,Null
瞜,Null
瞣,Null
瞤,Null
瞝,Null
瞡,Null
瞨,Null
瞭,lnox
瞫,ufou
瞹,Null
瞯,Null
瞮,Null
瞴,Null
瞺,Null
瞲,Null
瞶,Null
瞸,Null
瞷,Null
瞱,Null
矁,Null
矂,Null
矄,Null
矃,Null
瞼,Null
瞾,Null
矅,Null
矀,Null
矆,Null
矇,Null
矒,Null
矐,Null
矈,Null
矎,Null
矉,Null
矊,Null
矋,Null
矏,Null
矌,Null
矑,Null
矓,Null
矕,Null
矚,Null
矔,Null
矝,Null
矙,Null
矖,Null
矘,Null
矟,Null
矞,yusk
矡,Null
矤,Null
矠,Null
拨,bofd
病,bkbb
并,bkbk
菠,bocy
播,boft
玻,bowy
钵,bojb
搏,bofc
帛,bobj
勃,boul
铂,bojb
箔,bovb
博,bouc
波,body
舶,bovb
脖,booz
伯,bdrb
渤,bodl
卜,buld
捕,buff
补,bupb
驳,bomx
膊,booc
不,buad
哺,bukf
泊,bodb
埠,butu
猜,cdqo
才,cdap
部,bule
擦,cafx
材,cdmc
怖,buxj
布,buuj
簿,bovc
步,buvp
裁,cduy
财,cdkc
餐,cjll
蔡,cdcx
参,cjsp
踩,cdzm
睬,cdom
采,cdpm
菜,cdcm
蚕,cjti
彩,cdpp
操,ccfm
惨,cjxp
灿,cjhe
惭,cjxj
残,cjdj
苍,chcv
舱,chvv
藏,chci
仓,chrv
沧,chdv
糙,ccmz
槽,ccmo
厕,ceid
草,cccu
曹,ccao
层,cgus
测,cedd
侧,cerd
策,cevn
册,cepa
搽,iafm
茬,iact
察,iabx
蹭,cgzo
插,iafj
查,iama
茶,iacm
碴,iaua
叉,iayd
岔,iabe
差,iayg
诧,iayq
豺,idvc
柴,idvm
蝉,ijil
掺,ijfp
拆,idfi
搀,ijfd
馋,ijud
谗,ijyd
矯,Null
矪,Null
矦,Null
矨,Null
缠,ijsl
铲,ijji
阐,ijml
昌,ihoo
猖,ihqo
颤,ijwr
产,ijlp
矰,zguo
矴,Null
矵,Null
矷,Null
矹,Null
矱,Null
矺,Null
矲,Null
矻,kuuq
砊,Null
砇,Null
砈,Null
砎,Null
砋,Null
砅,Null
砃,Null
砄,jtug
砏,Null
矼,ghug
砆,fuuf
砐,Null
砙,Null
砞,Null
砕,Null
砛,Null
砡,Null
砓,Null
砢,Null
砠,juuq
砶,Null
砨,Null
砤,Null
砪,Null
砲,Null
砱,Null
砫,vuuv
砮,nunu
砵,boub
砯,pguu
硄,Null
硈,Null
砿,Null
硂,Null
砽,Null
硆,Null
硉,Null
硃,Null
硁,kgug
砳,leuu
硑,Null
硏,Null
硋,Null
硠,Null
硜,Null
硛,Null
硓,Null
硞,Null
硘,Null
硟,Null
硚,qnul
硙,wwuj
硊,hvuv
硔,hsub
硣,Null
硡,Null
硥,Null
硍,ybug
硤,Null
硢,Null
硰,Null
硻,Null
硦,Null
硸,Null
硩,Null
硨,Null
硲,Null
硽,Null
硴,Null
硾,Null
硵,Null
硱,Null
硳,Null
硯,Null
硺,Null
碀,Null
硿,ksug
硹,Null
硶,Null
硧,Null
畅,ihup
碂,Null
碁,Null
超,ictk
尝,ihxs
碃,qkuo
厂,ihap
倡,ihro
潮,icdo
肠,ihop
敞,ihxw
嘲,icko
偿,ihrs
朝,icuo
长,ihpn
抄,icfu
场,ihtp
常,ihxj
钞,icju
唱,ihko
车,ieal
辰,ifin
巢,icvg
陈,ifed
掣,iepu
炒,ichu
沉,ifdj
趁,iftp
澈,iedw
郴,ifme
撤,iefw
彻,ieid
臣,ifkl
尘,ifxt
吵,icku
撑,igfu
晨,ifon
扯,iefv
衬,ifpc
忱,ifxv
称,ifhx
橙,igma
城,igti
吃,iikq
秤,ighp
乘,igqn
诚,igyi
承,igvn
迟,iizi
持,iifc
澄,igda
